AGS,Name,2020,2019,2018,AGS2
09171111,Altötting.St,46.1,46,45.9,9171111
09171112,Burghausen.St,45.1,45.2,45.4,9171112
09171113,Burgkirchena.d.Alz,43.6,43.7,43.7,9171113
09171114,Emmerting,45.6,45.3,45,9171114
09171115,Erlbach,43.8,43.8,43.7,9171115
09171116,Feichtena.d.Alz,42.7,43,43,9171116
09171117,Garchinga.d.Alz,45,45.2,45.1,9171117
09171118,Haiming,45.3,45.6,45.2,9171118
09171119,Halsbach,40.2,40.8,41.7,9171119
09171121,Kastl,43.1,42.8,42.5,9171121
09171122,Kirchweidach,40.3,39.7,39.8,9171122
09171123,Marktl.M,46,46.3,45.9,9171123
09171124,Mehring,43.8,43.4,42.8,9171124
09171125,Neuötting.St,44.8,44.7,44.6,9171125
09171126,Perach,43.3,43.6,43.5,9171126
09171127,Pleiskirchen,43.1,42.8,42.8,9171127
09171129,Reischach,43.5,43.4,43.3,9171129
09171130,Stammham,45.8,45.8,46.2,9171130
09171131,Teising,44.7,44.7,44.4,9171131
09171132,Töginga.Inn.St,45.9,45.8,45.7,9171132
09171133,Tüßling.M,44.3,44,43.9,9171133
09171134,Tyrlaching,41.8,42.2,42.4,9171134
09171135,Unterneukirchen,41.9,41.9,41.7,9171135
09171137,Winhöring,46.4,45.8,45.7,9171137
09172111,Ainring,45.6,45.5,45.1,9172111
09172112,Anger,43.6,43.4,43.1,9172112
09172114,BadReichenhall.GKSt,48.7,48.8,48.7,9172114
09172115,BayerischGmain,48.6,48.3,48.1,9172115
09172116,Berchtesgaden.M,46.3,46.2,45.8,9172116
09172117,Bischofswiesen,46.5,46.5,46.4,9172117
09172118,Freilassing.St,43.9,43.9,44,9172118
09172122,Laufen.St,44.7,44.3,44.2,9172122
09172124,Marktschellenberg.M,44.1,44.3,44.4,9172124
09172128,Piding,45.9,45.7,45.2,9172128
09172129,Ramsaub.Berchtesgaden,44.3,44.1,44,9172129
09172130,Saaldorf-Surheim,43.5,43.5,43.3,9172130
09172131,Schneizlreuth,46.1,45.9,45.9,9172131
09172132,Schönaua.Königssee,44.8,44.5,44.3,9172132
09172134,Teisendorf.M,43.4,43.3,43.2,9172134
09173111,BadHeilbrunn,44.6,44.4,43.9,9173111
09173112,BadTölz.St,45.6,45.4,45.2,9173112
09173113,Benediktbeuern,46.1,46.2,45.5,9173113
09173115,Bichl,42.2,41.9,41.7,9173115
09173118,Dietramszell,42.6,42.7,42.3,9173118
09173120,Egling,43.6,43.4,43,9173120
09173123,Eurasburg,44.2,43.7,43.4,9173123
09173124,Gaißach,42.6,42.5,42,9173124
09173126,Geretsried.St,44.9,44.8,44.7,9173126
09173127,Greiling,44.3,44.4,44.6,9173127
09173130,Icking,44.5,44.4,44.4,9173130
09173131,Jachenau,42.2,41.7,41.4,9173131
09173133,Kochela.See,46.2,46.2,46.1,9173133
09173134,Königsdorf,43.3,43.2,43.3,9173134
09173135,Lenggries,44.8,44.7,44.4,9173135
09173137,Münsing,44.7,44.3,44.2,9173137
09173140,Reichersbeuern,41.9,41.6,40.5,9173140
09173141,Sachsenkam,42.7,42,41.2,9173141
09173142,Schlehdorf,45,44.6,43.4,9173142
09173145,Wackersberg,44.1,44,43.7,9173145
09173147,Wolfratshausen.St,44.8,44.7,44.6,9173147
09174111,Altomünster.M,43.7,43.5,43.2,9174111
09174113,Bergkirchen,43,42.8,42.5,9174113
09174115,Dachau.GKSt,43.1,43,42.9,9174115
09174118,Erdweg,42.5,42.3,42.4,9174118
09174121,Haimhausen,42.3,42,42.1,9174121
09174122,Hebertshausen,42.9,43,42.8,9174122
09174126,Karlsfeld,43.2,43,43,9174126
09174131,MarktIndersdorf.M,43.8,43.6,43.5,9174131
09174135,Odelzhausen,42.3,42.4,42.2,9174135
09174136,Petershausen,43,42.7,42.4,9174136
09174137,Pfaffenhofena.d.Glonn,40.9,41.2,41.1,9174137
09174141,Röhrmoos,43.8,43.6,43.3,9174141
09174143,Schwabhausen,42.9,42.6,42.4,9174143
09174146,Sulzemoos,40.8,40.7,40.1,9174146
09174147,Hilgertshausen-Tandern,43.1,42.8,42.7,9174147
09174150,Vierkirchen,43,42.9,42.9,9174150
09174151,Weichs,43,43.1,42.8,9174151
09175111,Anzing,43.3,43,42.6,9175111
09175112,Aßling,42.6,42.4,42.2,9175112
09175113,Baiern,40.3,40.5,40.4,9175113
09175114,Bruck,42.1,42.1,41.6,9175114
09175115,Ebersberg.St,44.7,44.6,44.3,9175115
09175116,Egmating,43.5,43.2,43.1,9175116
09175118,Forstinning,43.3,43.3,42.9,9175118
09175119,Frauenneuharting,40.8,40.8,40.3,9175119
09175121,Glonn.M,43.2,42.9,42.8,9175121
09175122,Grafingb.München.St,44.3,44.2,44.1,9175122
09175123,Hohenlinden,42.5,42.2,42,9175123
09175124,Kirchseeon.M,42.9,42.8,42.8,9175124
09175127,MarktSchwaben.M,42.1,41.9,41.7,9175127
09175128,Moosach,42.8,42.4,41.7,9175128
09175131,Oberpframmern,43.4,43.1,43,9175131
09175132,Vaterstetten,44.1,44.1,44.5,9175132
09175133,Pliening,41.3,41.2,40.9,9175133
09175135,Poing,39.6,39.2,39,9175135
09175136,Emmering,42.7,42.1,42.3,9175136
09175137,Steinhöring,43.2,42.6,42.4,9175137
09175139,Zorneding,45.1,45,44.5,9175139
09176111,Adelschlag,42.1,41.9,41.6,9176111
09176112,Altmannstein.M,43.7,43.4,43.3,9176112
09176114,Beilngries.St,42.6,42.5,42.4,9176114
09176116,Böhmfeld,41.8,41.8,41.6,9176116
09176118,Buxheim,42,41.8,41.6,9176118
09176120,Denkendorf,41.5,41.3,41.3,9176120
09176121,Dollnstein.M,43.8,43.6,43.2,9176121
09176122,Egweil,41.8,42.1,41.6,9176122
09176123,Eichstätt.GKSt,42.2,42.1,42.1,9176123
09176124,Eitensheim,40.9,40.5,40.3,9176124
09176126,Gaimersheim.M,42.1,42.1,42,9176126
09176129,Großmehring,41.6,41.6,41.5,9176129
09176131,Hepberg,41.6,41.4,41.3,9176131
09176132,Hitzhofen,41.2,41.3,41.1,9176132
09176137,Kinding.M,43.2,42.9,42.4,9176137
09176138,Kipfenberg.M,42.2,42.2,42,9176138
09176139,Kösching.M,42,41.7,41.7,9176139
09176143,Lenting,43.6,43.5,43.4,9176143
09176147,Mindelstetten,41.3,41.6,40.9,9176147
09176148,Mörnsheim.M,42.7,43.2,43.4,9176148
09176149,Nassenfels.M,40.2,40.2,40,9176149
09176150,Oberdolling,42.2,42.2,41.9,9176150
09176153,Pförring.M,42.6,42.8,42.8,9176153
09176155,Pollenfeld,41.1,40.8,40.8,9176155
09176160,Schernfeld,40.9,40.7,41,9176160
09176161,Stammham,40.9,41,40.9,9176161
09176164,Titting.M,42.6,42.6,42.3,9176164
09176165,Walting,42.6,42.5,41.7,9176165
09176166,Wellheim.M,44.5,44.7,44.1,9176166
09176167,Wettstetten,43,42.5,42.7,9176167
09177112,Berglern,40,39.4,39.2,9177112
09177113,Bockhorn,41.9,41.6,41.6,9177113
09177114,Bucha.Buchrain,43.6,43.5,43.1,9177114
09177115,Dorfen.St,43.3,43.2,43.1,9177115
09177116,Eitting,40.2,40.2,39.9,9177116
09177117,Erding.GKSt,42.9,42.8,42.6,9177117
09177118,Finsing,41.6,41.4,41.2,9177118
09177119,Forstern,41.2,41,40.8,9177119
09177120,Fraunberg,41.4,41.4,41.4,9177120
09177121,Hohenpolding,42.5,43,42.9,9177121
09177122,Inninga.Holz,43.4,43.6,43.4,9177122
09177123,Isen.M,43.2,42.9,42.5,9177123
09177124,Kirchberg,41.8,41.8,42.2,9177124
09177126,Langenpreising,42.7,42.6,42.3,9177126
09177127,Lengdorf,42.7,42.5,42.6,9177127
09177130,Moosinning,42.5,42.2,41.9,9177130
09177131,Neuching,41.7,41.6,41.3,9177131
09177133,Oberding,41.5,41.2,41,9177133
09177134,Ottenhofen,43.1,42.5,42,9177134
09177135,Pastetten,41.3,41,41.1,9177135
09177137,SanktWolfgang,42.9,42.7,42.6,9177137
09177138,Steinkirchen,43,43.2,42.9,9177138
09177139,Taufkirchen(Vils),43.2,43.1,43.3,9177139
09177142,Walpertskirchen,41.4,41.2,41.3,9177142
09177143,Wartenberg.M,42.3,42.1,42,9177143
09177144,Wörth,43.9,43.7,43.4,9177144
09178113,Allershausen,40.9,40.8,40.6,9178113
09178115,Attenkirchen,43.2,42.5,42.1,9178115
09178116,Aui.d.Hallertau.M,43.1,42.8,42.6,9178116
09178120,Eching,42.4,42.2,42,9178120
09178122,Rudelzhausen,42.3,41.9,41.9,9178122
09178123,Fahrenzhausen,41.5,41.5,40.9,9178123
09178124,Freising.GKSt,40.9,40.6,40.5,9178124
09178125,Gammelsdorf,42.9,42.7,42.2,9178125
09178129,Haaga.d.Amper,42.5,42,41.7,9178129
09178130,Hallbergmoos,39.2,39,38.7,9178130
09178132,Hörgertshausen,43,42.7,42.9,9178132
09178133,Hohenkammer,41.4,41.1,40.9,9178133
09178136,Kirchdorfa.d.Amper,40.6,39.9,39.7,9178136
09178137,Kranzberg,43.3,43.4,43.1,9178137
09178138,Langenbach,42.6,42.1,42,9178138
09178140,Marzling,42.5,42.3,42.4,9178140
09178142,Mauern,41.2,41,40.8,9178142
09178143,Moosburga.d.Isar.St,42.7,42.7,42.6,9178143
09178144,Nandlstadt.M,42.5,42.5,42.3,9178144
09178145,Neufahrnb.Freising,41.8,41.6,41.4,9178145
09178150,Paunzhausen,43.2,43.1,43.2,9178150
09178155,Wang,42.1,42,41.3,9178155
09178156,Wolfersdorf,40.4,40.3,40.1,9178156
09178157,Zolling,41.8,41.8,41.6,9178157
09179111,Adelshofen,43.1,42.6,42.6,9179111
09179113,Alling,43.3,42.8,42.7,9179113
09179114,Althegnenberg,41.9,41.9,42.2,9179114
09179117,Egenhofen,43.2,42.9,42.8,9179117
09179118,Eichenau,46.6,46.4,46.2,9179118
09179119,Emmering,44.5,44.4,44.2,9179119
09179121,Fürstenfeldbruck.GKSt,43.8,43.6,43.1,9179121
09179123,Germering.GKSt,44.9,44.8,44.7,9179123
09179125,Grafrath,45.1,45.2,45,9179125
09179126,Gröbenzell,46.5,46.1,46,9179126
09179128,Hattenhofen,43.5,42.9,42.7,9179128
09179130,Jesenwang,45.7,45.6,44.9,9179130
09179131,Kottgeisering,44.5,44.3,44.2,9179131
09179132,Landsberied,42.1,41.9,41.6,9179132
09179134,Maisach,43.5,43.2,42.9,9179134
09179136,Mammendorf,42,41.9,41.6,9179136
09179137,Mittelstetten,44.2,43.9,44,9179137
09179138,Moorenweis,42.8,42.4,42.3,9179138
09179140,Oberschweinbach,44.9,44.6,44.7,9179140
09179142,Olching.St,43.5,43.2,43.2,9179142
09179145,Puchheim.St,44.4,44.2,44,9179145
09179147,Schöngeising,45.7,45.3,45.3,9179147
09179149,Türkenfeld,44.7,44.1,43.8,9179149
09180112,BadKohlgrub,43.7,43.7,43.3,9180112
09180113,BadBayersoien,45.7,45.4,45.4,9180113
09180114,Eschenlohe,47.4,47.1,46.1,9180114
09180115,Ettal,43.7,43.4,42.6,9180115
09180116,Farchant,46.1,46.1,45.9,9180116
09180117,Garmisch-Partenkirchen.M,47.7,47.7,47.6,9180117
09180118,Grainau,47.1,47,46.8,9180118
09180119,Großweil,42.3,42.6,42.2,9180119
09180122,Krün,46.5,46.3,46,9180122
09180123,Mittenwald.M,48.1,47.8,47.6,9180123
09180124,Murnaua.Staffelsee.M,46.3,46.1,45.8,9180124
09180125,Oberammergau,46.4,46,45.9,9180125
09180126,Oberau,46.4,46.3,45.7,9180126
09180127,Ohlstadt,45.7,45.5,45.1,9180127
09180128,Riegsee,46.6,46.6,46.4,9180128
09180129,Saulgrub,43.9,44,44.1,9180129
09180131,Schwaigen,44.1,44,46.3,9180131
09180132,Seehausena.Staffelsee,46.2,45.9,45.6,9180132
09180133,Spatzenhausen,44.3,44,43.4,9180133
09180134,Uffinga.Staffelsee,45.6,45.3,45,9180134
09180135,Unterammergau,45.1,44.5,44.4,9180135
09180136,Wallgau,44.7,44.6,44.4,9180136
09181111,Apfeldorf,42.8,43.2,43.3,9181111
09181113,Denklingen,42.4,42.5,42.3,9181113
09181114,DießenamAmmersee.M,47.8,47.5,47.3,9181114
09181115,EchingamAmmersee,45.6,45.5,44.9,9181115
09181116,Eglinga.d.Paar,41.5,41.5,41.4,9181116
09181118,Eresing,42.6,42.7,42.7,9181118
09181120,Finning,41.7,41.3,40.9,9181120
09181121,Fuchstal,43.6,43.3,43.4,9181121
09181122,Geltendorf,43.8,43.7,43.6,9181122
09181123,Greifenberg,46.2,45.8,45.2,9181123
09181124,Hofstetten,43.2,43.2,43,9181124
09181126,Hurlach,38.6,38.1,38.4,9181126
09181127,Igling,43.1,42.8,42,9181127
09181128,Kaufering.M,45.1,45,44.8,9181128
09181129,Kinsau,43.3,43.2,42.8,9181129
09181130,LandsbergamLech.GKSt,44.1,43.9,43.7,9181130
09181131,Obermeitingen,40.9,40.7,40.8,9181131
09181132,Penzing,44.3,44.3,44.1,9181132
09181133,Vilgertshofen,44.6,44.4,44.4,9181133
09181134,Prittriching,43.1,43,43,9181134
09181135,Reichling,43.1,42.8,42.6,9181135
09181137,Rott,43.4,43,43,9181137
09181138,Scheuring,42.1,41.8,41.2,9181138
09181139,SchondorfamAmmersee,45.5,45.3,44.8,9181139
09181140,Schwifting,43.4,43.5,43.1,9181140
09181141,Pürgen,42.9,42.5,42.6,9181141
09181142,Thaining,42.1,42.3,42.6,9181142
09181143,Unterdießen,42.8,42.7,42,9181143
09181144,UttingamAmmersee,46,45.4,45.5,9181144
09181145,Weil,42.1,41.8,41.6,9181145
09181146,Windach,43.8,43.6,43.3,9181146
09182111,BadWiessee,49.2,49.3,49,9182111
09182112,Bayrischzell,47.3,47.3,46.6,9182112
09182114,Fischbachau,45.2,45.2,44.9,9182114
09182116,Gmunda.Tegernsee,46.5,46.5,46.5,9182116
09182119,Hausham,44.7,44.6,44.6,9182119
09182120,Holzkirchen.M,43.1,43,42.8,9182120
09182123,Irschenberg,40.6,40.4,40.4,9182123
09182124,Kreuth,47.2,46.8,46.8,9182124
09182125,Miesbach.St,44.6,44.5,44.2,9182125
09182127,Otterfing,43.4,42.9,42.9,9182127
09182129,Rottach-Egern,52.6,52.5,52.6,9182129
09182131,Schliersee.M,48.7,48.6,48.6,9182131
09182132,Tegernsee.St,50.4,50.4,50.2,9182132
09182133,Valley,42.1,41.6,41.3,9182133
09182134,Waakirchen,44.5,44.3,44.2,9182134
09182136,Warngau,42.3,41.9,41.7,9182136
09182137,Weyarn,42.1,42.1,42.2,9182137
09183112,Ampfing,43.9,44,44,9183112
09183113,Aschaua.Inn,42,42.1,41.9,9183113
09183114,Buchbach.M,44.6,44.5,44.4,9183114
09183115,Egglkofen,42.7,43.3,43.7,9183115
09183116,Erharting,46.9,46.7,46.5,9183116
09183118,Garsa.Inn.M,43.4,43.5,43.3,9183118
09183119,Haagi.OB.M,44.3,44,44,9183119
09183120,Heldenstein,43.2,43,43.1,9183120
09183122,Jettenbach,46.1,46.2,46,9183122
09183123,Kirchdorf,43,42.7,41.9,9183123
09183124,Kraiburga.Inn.M,45,44.8,44.5,9183124
09183125,Lohkirchen,41,40.8,40.6,9183125
09183126,Maitenbeth,42.7,42.4,42,9183126
09183127,Mettenheim,41.7,41.5,41.2,9183127
09183128,Mühldorfa.Inn.St,43.5,43.3,43.3,9183128
09183129,Neumarkt-SanktVeit.St,44.4,44.4,44.5,9183129
09183130,Niederbergkirchen,43.8,43.7,43.8,9183130
09183131,Niedertaufkirchen,42.4,42.8,42.3,9183131
09183132,Oberbergkirchen,42.2,41.7,41.8,9183132
09183134,Oberneukirchen,41.9,42.1,41.8,9183134
09183135,Obertaufkirchen,42.4,42.2,42.1,9183135
09183136,Polling,45.6,45.3,44.7,9183136
09183138,Rattenkirchen,43.5,43.5,43.5,9183138
09183139,Rechtmehring,41.8,41.7,41.6,9183139
09183140,Reichertsheim,41.7,41.7,41.5,9183140
09183143,Schönberg,41.2,40.6,40.4,9183143
09183144,Schwindegg,45,44.9,44.8,9183144
09183145,Taufkirchen,43.7,43.3,43.3,9183145
09183147,Unterreit,43.4,43.4,43.6,9183147
09183148,Waldkraiburg.St,44.3,44.5,44.4,9183148
09183151,Zangberg,45,45.1,44.8,9183151
09184112,Aschheim,41.6,41.3,41,9184112
09184113,Baierbrunn,42.4,42.4,42,9184113
09184114,Brunnthal,43,42.7,42.3,9184114
09184118,Feldkirchen,40.2,40,39.6,9184118
09184119,Garchingb.München.St,41.1,40.7,40.6,9184119
09184120,Gräfelfing,44.7,44.4,44.3,9184120
09184121,Grasbrunn,42.9,42.4,42.3,9184121
09184122,Grünwald,46.2,46,46.1,9184122
09184123,Haar,43.8,43.6,43.3,9184123
09184127,Höhenkirchen-Siegertsbrunn,42.3,42.1,41.8,9184127
09184129,Hohenbrunn,44.3,44.1,43.8,9184129
09184130,Ismaning,43.3,43.1,43,9184130
09184131,Kirchheimb.München,45.4,45.1,44.9,9184131
09184132,Neuried,44.1,43.7,43.5,9184132
09184134,Oberhaching,44.4,44.1,44.1,9184134
09184135,Oberschleißheim,43.6,43.5,43.5,9184135
09184136,Ottobrunn,44.1,44,44,9184136
09184137,Aying,41.1,41.1,40.8,9184137
09184138,Planegg,45,44.9,44.7,9184138
09184139,Pullachi.Isartal,45.3,45,45,9184139
09184140,Putzbrunn,44.7,44.3,44,9184140
09184141,Sauerlach,43.2,43,42.7,9184141
09184142,Schäftlarn,44.9,44.8,44.5,9184142
09184144,Straßlach-Dingharting,43.8,43.8,43.6,9184144
09184145,Taufkirchen,45.9,45.8,45.6,9184145
09184146,Neubiberg,41,40.7,40.6,9184146
09184147,Unterföhring,41.1,40.9,40.7,9184147
09184148,Unterhaching,44.7,44.7,44.9,9184148
09184149,Unterschleißheim.St,43.2,43,42.8,9184149
09185113,Aresing,43,43,42.7,9185113
09185116,BergimGau,41.1,41,40.9,9185116
09185118,Bergheim,43.5,43.8,43.7,9185118
09185123,Brunnen,42.2,42.3,41.9,9185123
09185125,Burgheim.M,44.7,44.7,44.3,9185125
09185127,Ehekirchen,42.4,42,41.9,9185127
09185131,Gachenbach,42,41.9,41.8,9185131
09185139,Karlshuld,42.5,42.3,42.3,9185139
09185140,Karlskron,43,42.7,42.3,9185140
09185143,Langenmosen,42,41.9,41.6,9185143
09185149,Neuburga.d.Donau.GKSt,43.6,43.4,43.3,9185149
09185150,Oberhausen,41.7,41.7,41.4,9185150
09185153,Rennertshofen.M,44.5,44.4,44.3,9185153
09185157,Rohrenfels,42,42,42.1,9185157
09185158,Schrobenhausen.St,44.5,44.5,44.3,9185158
09185163,Königsmoos,41.3,41.3,41.4,9185163
09185166,Waidhofen,42.8,42.6,42.8,9185166
09185168,Weichering,43.8,43.7,43.2,9185168
09186113,Baar-Ebenhausen,44.3,44.6,44.4,9186113
09186116,Ernsgaden,42.3,42.3,42.5,9186116
09186122,Geisenfeld.St,41.9,41.8,41.6,9186122
09186125,Gerolsbach,42.2,42.1,42.2,9186125
09186126,Hettenshausen,42.4,42.3,41.8,9186126
09186128,Hohenwart.M,43.1,43.1,43.1,9186128
09186130,Ilmmünster,43.4,43.3,43.1,9186130
09186132,Jetzendorf,43,42.6,42.5,9186132
09186137,Manching.M,42.5,42.4,42.4,9186137
09186139,Münchsmünster,43.3,43.2,43,9186139
09186143,Pfaffenhofena.d.Ilm.St,43.7,43.5,43.4,9186143
09186144,Pörnbach,42.4,42.3,41.6,9186144
09186146,Reichertshausen,43.6,43.7,43.9,9186146
09186147,Reichertshofen.M,43,42.8,42.8,9186147
09186149,Rohrbach,42.3,41.8,41.8,9186149
09186151,Scheyern,43.8,43.6,43.8,9186151
09186152,Schweitenkirchen,42,41.9,41.9,9186152
09186158,Vohburga.d.Donau.St,42.2,42.1,42,9186158
09186162,Wolnzach.M,43.1,43.1,43.3,9186162
09187113,Amerang,44.4,44.2,44,9187113
09187114,Aschaui.Chiemgau,49.4,49.3,49.1,9187114
09187116,Babensham,41,41,41.1,9187116
09187117,BadAibling.St,45.5,45.3,44.9,9187117
09187118,Bernaua.Chiemsee,46.1,46.1,45.8,9187118
09187120,Brannenburg,45,44.7,44.4,9187120
09187121,Breitbrunna.Chiemsee,47.8,47.5,47.8,9187121
09187122,Bruckmühl.M,44.2,44,43.8,9187122
09187123,Chiemsee,53.1,51.8,51.3,9187123
09187124,Edling,43.2,43,42.7,9187124
09187125,Eggstätt,46,45.6,45.6,9187125
09187126,Eiselfing,42.3,42.2,42.5,9187126
09187128,BadEndorf.M,44.7,44.6,44.3,9187128
09187129,BadFeilnbach,44.2,44,43.9,9187129
09187130,Feldkirchen-Westerham,44.9,44.7,44.6,9187130
09187131,Flintsbacha.Inn,44,43.9,43.4,9187131
09187132,Frasdorf,42.8,42.4,42.3,9187132
09187134,Griesstätt,40.5,40.1,40.1,9187134
09187137,Großkarolinenfeld,43.4,43.1,42.9,9187137
09187138,Gstadta.Chiemsee,46.7,46.8,46.4,9187138
09187139,Halfing,44.3,43.9,43.6,9187139
09187142,Schechen,42.8,42.9,42.5,9187142
09187145,Höslwang,43.5,43.8,43.5,9187145
09187148,Kiefersfelden,47.5,47.4,47.3,9187148
09187150,Kolbermoor.St,44.7,44.5,44.3,9187150
09187154,Neubeuern.M,44.4,44,43.9,9187154
09187156,Nußdorfa.Inn,45.5,45.5,45.3,9187156
09187157,Oberaudorf,47.2,47.2,47.1,9187157
09187159,Pfaffing,43.3,43.1,42.5,9187159
09187162,Priena.Chiemsee.M,48,47.8,47.7,9187162
09187163,Prutting,42,41.6,41.3,9187163
09187164,Ramerberg,42.3,42.5,42.3,9187164
09187165,Raubling,44.9,44.5,44.3,9187165
09187167,Riedering,44.3,44,43.7,9187167
09187168,Rimsting,46.7,46.5,46.6,9187168
09187169,Rohrdorf,43.4,43.3,43.2,9187169
09187170,Rotta.Inn,42.5,42.3,42.3,9187170
09187172,Samerberg,44.1,44.3,44.2,9187172
09187173,Schonstett,40.8,41.2,41.2,9187173
09187174,Söchtenau,43.5,43.1,43,9187174
09187176,Soyen,45.5,45.6,45.4,9187176
09187177,Stephanskirchen,45.1,45.1,44.9,9187177
09187179,Tuntenhausen,41.5,41.5,41.3,9187179
09187181,Vogtareuth,42,42.1,41.6,9187181
09187182,Wasserburga.Inn.St,44.4,44.5,44.3,9187182
09187186,Albaching,40.8,40.7,40,9187186
09188113,Berg,45.2,44.8,44.5,9188113
09188117,Andechs,42.8,42.3,42.1,9188117
09188118,Feldafing,48.2,48.3,48.2,9188118
09188120,Gauting,44.9,44.6,44.4,9188120
09188121,Gilching,43.6,43.4,43.1,9188121
09188124,Herrschinga.Ammersee,46.8,46.4,46.1,9188124
09188126,Inninga.Ammersee,44.9,44.6,44.6,9188126
09188127,Krailling,46.8,46.6,46.6,9188127
09188132,Seefeld,45.3,45,45.1,9188132
09188137,Pöcking,47.2,47,46.6,9188137
09188139,Starnberg.St,45.5,45.2,45.1,9188139
09188141,Tutzing,47.1,46.9,46.7,9188141
09188144,Weßling,44.3,44.2,44.1,9188144
09188145,Wörthsee,45.8,45.3,44.7,9188145
09189111,Altenmarkta.d.Alz,45,45,44.6,9189111
09189113,Bergen,48.1,48,47.7,9189113
09189114,Chieming,45.7,45.3,44.9,9189114
09189115,Engelsberg,43,42.5,42.2,9189115
09189118,Fridolfing,43.5,43,43,9189118
09189119,Grabenstätt,46.5,46.6,46,9189119
09189120,Grassau.M,46,45.9,45.8,9189120
09189124,Inzell,47.2,46.9,46.8,9189124
09189126,Kienberg,43.5,43,42.7,9189126
09189127,Kirchanschöring,42.5,42.3,41.7,9189127
09189129,Marquartstein,48.9,48.7,48.6,9189129
09189130,Nußdorf,46,45.7,45.7,9189130
09189133,Obing,43.4,43.5,43.4,9189133
09189134,Palling,43.1,43.3,43.1,9189134
09189135,Petting,43.6,43.5,43.3,9189135
09189137,Pittenhart,42.7,43,42.8,9189137
09189139,ReitimWinkl,49.4,49.4,49.2,9189139
09189140,Ruhpolding,48.1,47.9,47.8,9189140
09189141,Schleching,49,49.3,49.5,9189141
09189142,Schnaitsee,43.5,43,42.7,9189142
09189143,Seeon-Seebruck,46.3,45.9,45.6,9189143
09189145,Siegsdorf,46.5,46.4,46,9189145
09189146,Staudach-Egerndach,45.8,45.2,44.6,9189146
09189148,Surberg,43.5,43.1,43,9189148
09189149,Tacherting,43.9,43.7,43.7,9189149
09189150,Tachinga.See,44.2,44.1,44.1,9189150
09189152,Tittmoning.St,44.6,44.6,44.5,9189152
09189154,Traunreut.St,44.8,44.9,44.8,9189154
09189155,Traunstein.GKSt,44.8,44.7,44.6,9189155
09189157,Trostberg.St,45.9,46,46,9189157
09189159,Übersee,45.2,45,44.8,9189159
09189160,Unterwössen,48.8,48.3,48.3,9189160
09189161,Vachendorf,44.5,44.2,43.9,9189161
09189162,Waginga.See.M,44.5,44.4,44.2,9189162
09189165,Wonneberg,41.4,41.1,40.9,9189165
09190111,Altenstadt,44.8,44.5,43.8,9190111
09190113,Antdorf,41.4,41.2,41,9190113
09190114,Bernbeuren,43.6,43.5,43.3,9190114
09190115,BernriedamStarnbergerSee,44.9,44.6,44.5,9190115
09190117,Böbing,42,41.5,41.3,9190117
09190118,Burggen,42.7,42.6,42.2,9190118
09190120,Eberfing,42.2,42.2,42.1,9190120
09190121,Eglfing,42.7,42.5,42.1,9190121
09190126,Habach,41,40.8,40.2,9190126
09190129,Hohenfurch,43.3,43.2,43.4,9190129
09190130,Hohenpeißenberg,47.2,47,46.9,9190130
09190131,Huglfing,43,42.8,42.5,9190131
09190132,Iffeldorf,44.6,44.4,44.3,9190132
09190133,Ingenried,41.3,40.7,40.5,9190133
09190135,Oberhausen,45.3,45,44.6,9190135
09190136,Obersöchering,41.4,41,40.6,9190136
09190138,Pähl,44.7,44.5,43.5,9190138
09190139,Peißenberg.M,44.7,44.6,44.4,9190139
09190140,Peiting.M,46.1,46.1,46,9190140
09190141,Penzberg.St,44.9,44.8,44.7,9190141
09190142,Polling,44.6,44.3,44.3,9190142
09190143,Prem,45.8,46.1,45.7,9190143
09190144,Raisting,44.7,44.1,43.9,9190144
09190145,Rottenbuch,43.1,43.5,43,9190145
09190148,Schongau.St,44.4,44.3,44.2,9190148
09190149,Schwabbruck,41.8,42.4,42,9190149
09190151,Schwabsoien,42.1,41.8,41.9,9190151
09190152,Seeshaupt,48.1,47.9,47.5,9190152
09190153,Sindelsdorf,43.1,43,42.9,9190153
09190154,Steingaden,44.2,44.4,44.1,9190154
09190157,Weilheimi.OB.St,45.8,45.8,45.6,9190157
09190158,Wessobrunn,42.6,42.4,42.4,9190158
09190159,Wielenbach,44.6,44.4,44.4,9190159
09190160,Wildsteig,42.4,42.3,42.1,9190160
09271111,Aholming,45.2,44.8,45.2,9271111
09271113,Auerbach,42.4,42.2,42.1,9271113
09271114,Außernzell,42.1,41.5,41.4,9271114
09271116,Bernried,44.9,44.7,44.8,9271116
09271118,Buchhofen,44.8,45.3,45.3,9271118
09271119,Deggendorf.GKSt,44.5,44.4,44.3,9271119
09271122,Grafling,44.7,44.6,44.5,9271122
09271123,Grattersdorf,44.9,45,44.7,9271123
09271125,Hengersberg.M,43.6,43.4,43.1,9271125
09271126,Hunding,45.5,44.8,44.1,9271126
09271127,Iggensbach,44.1,44.1,44.3,9271127
09271128,Künzing,45.9,45.9,45.7,9271128
09271130,Lalling,44.5,44.5,44.5,9271130
09271132,Metten.M,45.5,45.1,45.1,9271132
09271135,Moos,43.9,43.8,43.6,9271135
09271138,Niederalteich,43,43.1,43.1,9271138
09271139,Oberpöring,43.9,43.5,43.8,9271139
09271140,Offenberg,43.6,43.1,42.7,9271140
09271141,Osterhofen.St,45.5,45.5,45.2,9271141
09271143,Otzing,43.4,43,42.6,9271143
09271146,Plattling.St,44.4,44.2,43.9,9271146
09271148,Schaufling,43.3,43,42.6,9271148
09271149,Schöllnach.M,44,43.7,43.6,9271149
09271151,Stephansposching,45,45.3,44.4,9271151
09271152,Wallerfing,46.1,45.6,45.2,9271152
09271153,Winzer.M,45.2,45,44.4,9271153
09272116,Eppenschlag,45.4,45.2,44.8,9272116
09272118,Freyung.St,47.4,47.1,47,9272118
09272119,Fürsteneck,46,45.5,44.4,9272119
09272120,Grafenau.St,46.4,46.1,45.9,9272120
09272121,Grainet,42.2,42.2,42,9272121
09272122,Haidmühle,47.7,47.6,47.2,9272122
09272126,Hinterschmiding,44.5,44.4,43.9,9272126
09272127,Hohenau,45.3,45.5,45.1,9272127
09272128,Innernzell,46.3,46.2,45.5,9272128
09272129,Jandelsbrunn,43.9,43.7,43.2,9272129
09272134,Mauth,48.1,47.9,47,9272134
09272136,Neureichenau,45.3,44.9,44.3,9272136
09272138,Perlesreut.M,43.9,43.4,43.7,9272138
09272139,Philippsreut,48.2,48.1,48.4,9272139
09272140,Ringelai,45.9,46.1,45.4,9272140
09272141,Röhrnbach.M,45.3,45.2,44.8,9272141
09272142,Saldenburg,44.8,44.8,44.7,9272142
09272143,SanktOswald-Riedlhütte,47.4,47.6,47.6,9272143
09272145,Schöfweg,46.9,46.6,45.9,9272145
09272146,Neuschönau,44.2,44.2,44,9272146
09272147,Schönberg.M,46.9,46.8,46.3,9272147
09272149,Spiegelau,49,48.6,48.5,9272149
09272150,Thurmansbang,47.3,47.3,47.2,9272150
09272151,Waldkirchen.St,44.6,44.5,44.2,9272151
09272152,Zenting,45.8,45.1,45.4,9272152
09273111,Abensberg.St,41.6,41.5,41.3,9273111
09273113,Aiglsbach,42.9,43.1,43.2,9273113
09273115,Attenhofen,44.1,43.9,43.1,9273115
09273116,BadAbbach.M,43.8,43.5,43.2,9273116
09273119,Biburg,42.8,42.6,42.2,9273119
09273121,Essing.M,44.5,44.8,46.1,9273121
09273125,Hausen,42.3,42.1,41.9,9273125
09273127,Herrngiersdorf,43.1,43,42.8,9273127
09273133,Ihrlerstein,45.7,45.9,45.8,9273133
09273137,Kelheim.St,44.2,44,44.1,9273137
09273139,Kirchdorf,42.7,42.5,42.3,9273139
09273141,Langquaid.M,41.9,41.8,41.5,9273141
09273147,Mainburg.St,42.1,41.9,41.5,9273147
09273152,Neustadta.d.Donau.St,42.4,42.2,42.1,9273152
09273159,Painten.M,43.6,43.2,43.1,9273159
09273163,Elsendorf,43.5,43.4,43.6,9273163
09273164,Riedenburg.St,44.4,44.4,44.2,9273164
09273165,Rohri.NB.M,44.6,44.9,45.1,9273165
09273166,Saala.d.Donau,45.2,45.4,45.2,9273166
09273172,Siegenburg.M,40.9,41,40.8,9273172
09273175,Teugn,41.4,41.6,41.6,9273175
09273177,Train,43.5,42.9,42.8,9273177
09273178,Volkenschwand,42.8,43.1,42.6,9273178
09273181,Wildenberg,44.1,43.4,43.2,9273181
09274111,Adlkofen,43.4,43.1,43,9274111
09274112,Aham,44.9,44.7,44.2,9274112
09274113,Altdorf.M,44.8,44.8,44.6,9274113
09274114,Altfraunhofen,42.4,42.3,42.1,9274114
09274118,Baierbach,44.4,44.8,44.3,9274118
09274119,Bayerbachb.Ergoldsbach,41.9,42.1,41.8,9274119
09274120,Bodenkirchen,43.7,43.8,43.8,9274120
09274121,Bucha.Erlbach,43.1,43.4,43.5,9274121
09274124,Eching,42.2,41.9,41.6,9274124
09274126,Ergolding.M,43.5,43.5,43.7,9274126
09274127,Ergoldsbach.M,42.5,42.6,42.4,9274127
09274128,Essenbach.M,43.4,43.1,42.8,9274128
09274132,Furth,43.8,43.6,43.4,9274132
09274134,Geisenhausen.M,42.5,42.5,42.4,9274134
09274135,Gerzen,43.4,44.1,44.7,9274135
09274141,Hohenthann,42.5,42.5,42.1,9274141
09274145,Kröning,43.1,42.8,42.6,9274145
09274146,Kumhausen,42.4,42.4,42.2,9274146
09274153,Neufahrni.NB,43.5,43.6,43.8,9274153
09274154,Neufraunhofen,42.8,42.5,42,9274154
09274156,Niederaichbach,43.2,43.2,42.9,9274156
09274165,Obersüßbach,42.4,41.8,41.8,9274165
09274172,Pfeffenhausen.M,44.1,43.9,43.7,9274172
09274174,Postau,44.7,44.5,43.9,9274174
09274176,Rottenburga.d.Laaber.St,43.4,43.3,43.3,9274176
09274179,Schalkham,41.4,41.3,40.8,9274179
09274182,Tiefenbach,44.6,44.6,44.4,9274182
09274183,Velden.M,43.5,43.3,43.3,9274183
09274184,Vilsbiburg.St,43,42.9,42.9,9274184
09274185,Vilsheim,42.1,42.8,42.7,9274185
09274187,Weihmichl,43.1,43.1,42.7,9274187
09274188,Weng,42.6,41.8,41.7,9274188
09274191,Wörtha.d.Isar,41.9,41.4,41.5,9274191
09274193,Wurmsham,42.8,43.3,43.4,9274193
09274194,Bruckberg,43.8,43.6,43.7,9274194
09275111,AichavormWald,43.2,43.4,43.2,9275111
09275112,Aidenbach.M,45.9,45.9,45.4,9275112
09275114,Aldersbach,44.5,44.4,44.4,9275114
09275116,BadFüssing,53.4,53.2,53,9275116
09275117,Beutelsbach,44.1,44,44,9275117
09275118,Breitenberg,44,43.6,43.3,9275118
09275119,Büchlberg,44.3,43.8,43.3,9275119
09275120,Eginga.See.M,44,43.6,43.2,9275120
09275121,Fürstenstein,46.1,46.1,46.6,9275121
09275122,Fürstenzell.M,45.1,45.1,45,9275122
09275124,BadGriesbachi.Rottal.St,48.1,47.8,47.4,9275124
09275125,Haarbach,47.4,47,46.8,9275125
09275126,Hauzenberg.St,44.8,44.8,44.8,9275126
09275127,Hofkirchen.M,43.8,43.6,43.4,9275127
09275128,Hutthurm.M,43.6,43.4,43.3,9275128
09275130,Kirchham,49.7,49.4,49.3,9275130
09275131,Kößlarn.M,47.1,46.6,46.6,9275131
09275132,Malching,47.1,46.6,45.8,9275132
09275133,Neuburga.Inn,45.2,44.3,44.4,9275133
09275134,Neuhausa.Inn,47.4,47.3,47,9275134
09275135,NeukirchenvormWald,42.3,42.1,42.1,9275135
09275137,Obernzell.M,46.4,46.3,45.9,9275137
09275138,Ortenburg.M,44.8,44.5,44.4,9275138
09275141,Pocking.St,45.1,45,44.9,9275141
09275143,Rotthalmünster.M,46.8,46.7,46.6,9275143
09275144,Ruderting,45,44.5,44.1,9275144
09275145,Ruhstorfa.d.Rott.M,45.9,45.7,45.5,9275145
09275146,Salzweg,45.5,45.2,44.8,9275146
09275148,Sonnen,43.2,43.2,43.2,9275148
09275149,Tettenweis,46,45.6,45.7,9275149
09275150,Thyrnau,45.3,45.2,44.5,9275150
09275151,Tiefenbach,44.8,44.5,44.2,9275151
09275152,Tittling.M,45.7,45.3,45.4,9275152
09275153,Untergriesbach.M,44.2,43.8,43.4,9275153
09275154,VilshofenanderDonau.St,44.7,44.9,44.8,9275154
09275156,Wegscheid.M,44.1,44,43.7,9275156
09275159,Windorf.M,44.2,44.3,44,9275159
09275160,Witzmannsberg,44.3,44.5,44.2,9275160
09276111,Achslach,43.8,44.2,44.5,9276111
09276113,Arnbruck,45.3,45.3,44.8,9276113
09276115,BayerischEisenstein,50,49.9,49.8,9276115
09276116,Bischofsmais,44.9,45,44.8,9276116
09276117,Bodenmais.M,47.6,47.2,47,9276117
09276118,Böbrach,46,45.5,44.9,9276118
09276120,Drachselsried,46.9,46.6,46.4,9276120
09276121,Frauenau,48.1,47.7,47.4,9276121
09276122,Geiersthal,44.6,44.4,44,9276122
09276123,Gotteszell,45.2,44.5,44.2,9276123
09276126,Kirchbergi.Wald,42.9,43,42.9,9276126
09276127,Kirchdorfi.Wald,44.7,44.6,44.4,9276127
09276128,Kollnburg,44,43.8,43.5,9276128
09276129,Langdorf,45.9,45.5,45,9276129
09276130,Lindberg,47.3,47.1,47,9276130
09276134,Patersdorf,43.7,43.6,43.8,9276134
09276135,Prackenbach,44.4,44.3,43.7,9276135
09276138,Regen.St,44.9,44.9,44.8,9276138
09276139,Rinchnach,44.4,44.4,44,9276139
09276142,Ruhmannsfelden.M,45.9,45.9,45.3,9276142
09276143,Teisnach.M,44.2,43.5,43.6,9276143
09276144,Viechtach.St,46.1,45.9,46,9276144
09276146,Zachenberg,44.1,43.9,43.5,9276146
09276148,Zwiesel.St,48.5,48.3,47.9,9276148
09277111,Arnstorf.M,43.3,43.3,43.3,9277111
09277112,Bayerbach,45.5,45.4,45.2,9277112
09277113,BadBirnbach.M,48.8,48.5,48.1,9277113
09277114,Dietersburg,45.3,44.9,44.4,9277114
09277116,Eggenfelden.St,44.1,44.1,44.1,9277116
09277117,Egglham,46.3,46.5,46.2,9277117
09277118,Ering,45.8,45.4,45.2,9277118
09277119,Falkenberg,44.3,44,43.9,9277119
09277121,Gangkofen.M,43.4,43.3,43.5,9277121
09277122,Geratskirchen,40.8,40.6,40.3,9277122
09277124,Hebertsfelden,44.5,44.5,44.7,9277124
09277126,Johanniskirchen,45.8,45.4,45.2,9277126
09277127,Julbach,44.6,44.1,44.1,9277127
09277128,Kirchdorfa.Inn,45.2,45,44.8,9277128
09277131,Malgersdorf,42.9,42.9,42.6,9277131
09277133,Massing.M,44.1,44,43.6,9277133
09277134,Mitterskirchen,42.9,42.9,42.9,9277134
09277138,Pfarrkirchen.St,44,43.9,44.1,9277138
09277139,Postmünster,46.5,46.2,46.4,9277139
09277140,Reut,45,44.8,44.4,9277140
09277141,Rimbach,43.2,43.9,43.3,9277141
09277142,Roßbach,45.7,45.5,45,9277142
09277144,Schönau,44.5,44,43.9,9277144
09277145,Simbacha.Inn.St,45.9,46,45.9,9277145
09277147,Stubenberg,45.6,45.9,45.7,9277147
09277148,Tann.M,45.6,45.8,45.6,9277148
09277149,Triftern.M,45.1,45.1,44.8,9277149
09277151,Unterdietfurt,44.4,44,43.6,9277151
09277152,Wittibreut,44.2,44.1,44.2,9277152
09277153,Wurmannsquick.M,45.4,45.1,44.8,9277153
09277154,Zeilarn,44.8,44.4,44.2,9277154
09278112,Aholfing,42.3,42,41.8,9278112
09278113,Aiterhofen,44.4,43.8,43.7,9278113
09278116,Ascha,41.6,41.3,40.9,9278116
09278117,Atting,44.4,44.1,44.1,9278117
09278118,Bogen.St,44.3,44.4,44.1,9278118
09278120,Falkenfels,43.4,43.3,43,9278120
09278121,Feldkirchen,39,39.9,40.3,9278121
09278123,Geiselhöring.St,44.3,44.4,44.1,9278123
09278129,Haibach,45.8,45.6,45.4,9278129
09278134,Haselbach,44.7,44,43.8,9278134
09278139,Hunderdorf,44.8,44.6,44.8,9278139
09278140,Irlbach,45.1,44.7,44.7,9278140
09278141,Kirchroth,43.6,43.4,43.1,9278141
09278143,Konzell,44.1,44,43.7,9278143
09278144,Laberweinting,45.1,45.1,44.7,9278144
09278146,Leiblfing,44.1,43.7,43.3,9278146
09278147,Loitzendorf,45.8,45.8,45.2,9278147
09278148,Mallersdorf-Pfaffenberg.M,46.3,46.4,46.4,9278148
09278149,Mariaposching,42.7,42.7,42.4,9278149
09278151,Mitterfels.M,45.3,44.8,44.9,9278151
09278154,Neukirchen,44.2,44.5,44,9278154
09278159,Niederwinkling,41.4,41.2,41,9278159
09278167,Oberschneiding,42.6,42.8,43.1,9278167
09278170,Parkstetten,43.8,43.8,43.8,9278170
09278171,Perasdorf,44.9,44.7,44.4,9278171
09278172,Perkam,43.5,43.4,43.4,9278172
09278177,Rain,42.9,42.6,42.4,9278177
09278178,Rattenberg,45.3,45,44.6,9278178
09278179,Rattiszell,44.8,44.5,44.9,9278179
09278182,Salching,43.3,43.7,43.5,9278182
09278184,SanktEnglmar,44.5,44.1,43.8,9278184
09278187,Schwarzach.M,42.7,43,43.1,9278187
09278189,Stallwang,43.7,44,43.9,9278189
09278190,Steinach,43.4,43.3,43.1,9278190
09278192,Straßkirchen,44.6,44.3,44.1,9278192
09278197,Wiesenfelden,43.6,43.7,43.4,9278197
09278198,Windberg,44.1,44.2,43.8,9278198
09279112,Dingolfing.St,42.9,42.7,42.6,9279112
09279113,Eichendorf.M,45.9,45.8,45.4,9279113
09279115,Frontenhausen.M,42.7,42.7,42.4,9279115
09279116,Gottfrieding,44.6,43.6,43.4,9279116
09279122,Landaua.d.Isar.St,43.9,44,44,9279122
09279124,Loiching,44,44.2,43.9,9279124
09279125,Mamming,42.5,42.7,42.6,9279125
09279126,Marklkofen,43.6,43.5,43,9279126
09279127,Mengkofen,43.2,43.1,43,9279127
09279128,Moosthenning,43.5,43.5,43.4,9279128
09279130,Niederviehbach,44.2,44.2,44.1,9279130
09279132,Pilsting.M,44.1,44.3,44.5,9279132
09279134,Reisbach.M,43.9,43.7,43.6,9279134
09279135,Simbach.M,43.1,43.2,43.5,9279135
09279137,Wallersdorf.M,43.8,43.9,43.7,9279137
09371111,Ammerthal,44,43.5,43.4,9371111
09371113,Auerbachi.d.OPf..St,45.4,45.5,45.3,9371113
09371116,Birgland,45.2,44.8,44.5,9371116
09371118,Ebermannsdorf,44.5,44.3,44.3,9371118
09371119,Edelsfeld,44.9,44.6,44.6,9371119
09371120,Ensdorf,45.4,45.6,45.1,9371120
09371121,Freihung.M,44.3,45,44.5,9371121
09371122,Freudenberg,44.4,44.1,43.7,9371122
09371123,Gebenbach,43.6,43.5,42.9,9371123
09371126,Hahnbach.M,44.9,45.2,44.9,9371126
09371127,Hirschau.St,46.8,46.9,46.8,9371127
09371128,Hirschbach,46,45.9,45.6,9371128
09371129,Hohenburg.M,45.2,45,44.8,9371129
09371131,Illschwang,43.9,43.9,43.3,9371131
09371132,Kastl.M,45.6,45.3,45.4,9371132
09371135,Königstein.M,45.3,45.6,45.7,9371135
09371136,Kümmersbruck,45.2,45,44.6,9371136
09371140,Etzelwang,46.2,46,46.4,9371140
09371141,Neukirchenb.Sulzbach-Rosenberg,47,46.9,46.9,9371141
09371144,Poppenricht,44.7,44.6,44.3,9371144
09371146,Rieden.M,45,44.5,44.2,9371146
09371148,Schmidmühlen.M,45.8,45.6,45.2,9371148
09371150,Schnaittenbach.St,46.1,45.9,45.9,9371150
09371151,Sulzbach-Rosenberg.St,46,46,45.9,9371151
09371154,Ursensollen,44.2,44,43.7,9371154
09371156,Vilseck.St,42,42.5,43.4,9371156
09371157,Weigendorf,46.5,46.5,46.2,9371157
09372112,Arnschwang,44.1,43.8,43.7,9372112
09372113,Arrach,45.8,45.6,45.3,9372113
09372115,Blaibach,45.2,45.1,44.7,9372115
09372116,Cham.St,45.3,45.2,45.2,9372116
09372117,Chamerau,45.7,45.5,45.4,9372117
09372124,Eschlkam.M,43.7,43.6,43.3,9372124
09372125,Falkenstein.M,43.6,43.7,43.6,9372125
09372126,FurthimWald.St,46,45.9,45.7,9372126
09372128,Gleißenberg,45.1,44.7,44.4,9372128
09372130,Grafenwiesen,47.4,46.9,46.6,9372130
09372135,Hohenwarth,46.4,46.2,46.2,9372135
09372137,BadKötzting.St,47,46.5,46.1,9372137
09372138,Lam.M,48.5,48.4,48.6,9372138
09372142,Michelsneukirchen,42.6,42.3,41.7,9372142
09372143,Miltach,44.8,44.6,44.5,9372143
09372144,Neukirchenb.Hl.Blut.M,46.5,46.4,46,9372144
09372146,Pemfling,44.1,43.9,44,9372146
09372147,Pösing,45,44.3,43.6,9372147
09372149,Reichenbach,44.9,45,44.9,9372149
09372150,Rettenbach,44.3,43.7,43.2,9372150
09372151,Rimbach,46.3,46.4,46.5,9372151
09372153,Roding.St,43.6,43.6,43.5,9372153
09372154,Rötz.St,44.9,44.3,44.1,9372154
09372155,Runding,44.6,44.6,44.5,9372155
09372157,Schönthal,43.9,43.8,43.5,9372157
09372158,Schorndorf,42.3,42.7,42.2,9372158
09372161,Stamsried.M,43.7,43.3,43.4,9372161
09372163,Tiefenbach,47.6,47,46.7,9372163
09372164,Traitsching,44.4,44.1,43.9,9372164
09372165,Treffelstein,47,47,46.7,9372165
09372167,Zell,44.1,43.7,43.4,9372167
09372168,Waffenbrunn,44.6,44.1,43.6,9372168
09372169,Wald,44.2,44.2,43.7,9372169
09372170,Walderbach,42.9,42.6,42.2,9372170
09372171,Waldmünchen.St,47.6,47.5,47.2,9372171
09372174,Weiding,44.2,44.1,43.7,9372174
09372175,Willmering,45.8,45.4,45.2,9372175
09372177,Zandt,43,43.6,43.6,9372177
09372178,Lohberg,47.2,47,46.8,9372178
09373112,Berching.St,43.4,43.6,43.4,9373112
09373113,Bergb.Neumarkti.d.OPf.,43.2,43.1,43,9373113
09373114,Berngau,41.5,40.7,40.5,9373114
09373115,Breitenbrunn.M,43.5,43.4,43.3,9373115
09373119,Deining,41.4,41.7,41.9,9373119
09373121,Dietfurta.d.Altmühl.St,43.6,43.4,43.3,9373121
09373126,Freystadt.St,42.4,42.3,42,9373126
09373134,Hohenfels.M,43,43.2,43.6,9373134
09373140,Lauterhofen.M,43.4,43.4,43.6,9373140
09373143,Lupburg.M,42,42.4,42.1,9373143
09373146,Mühlhausen,43.1,42.8,42.5,9373146
09373147,Neumarkti.d.OPf..GKSt,45.5,45.3,45.2,9373147
09373151,Parsberg.St,41.8,41.5,41.7,9373151
09373153,Pilsach,41.1,41,41.2,9373153
09373155,Postbauer-Heng.M,44.1,43.9,43.7,9373155
09373156,Pyrbaum.M,44.9,44.9,44.7,9373156
09373159,Sengenthal,42,41.8,41.6,9373159
09373160,Seubersdorfi.d.OPf.,42.6,42.5,42.3,9373160
09373167,Velburg.St,43.1,43,42.8,9373167
09374111,Altenstadta.d.Waldnaab,45.7,45.6,45.6,9374111
09374117,Eschenbachi.d.OPf..St,41.9,42.3,43.4,9374117
09374118,Eslarn.M,46.1,46,45.6,9374118
09374119,Etzenricht,46,45.5,45.1,9374119
09374121,Floß.M,46.1,45.9,45.4,9374121
09374122,Flossenbürg,48,48,47.9,9374122
09374123,Georgenberg,46.5,46.5,46.2,9374123
09374124,Grafenwöhr.St,43.5,43.9,43.9,9374124
09374127,Irchenrieth,41.9,41.7,41.5,9374127
09374128,Kirchendemenreuth,41.1,41.8,41.6,9374128
09374129,Kirchenthumbach.M,44.7,44.5,44.4,9374129
09374131,Kohlberg.M,44.3,44.9,44.8,9374131
09374132,Leuchtenberg.M,45.2,45.1,44.2,9374132
09374133,Luhe-Wildenau.M,44.2,44.5,44.2,9374133
09374134,Mantel.M,45.6,45.7,45.7,9374134
09374137,Moosbach.M,45.6,45.2,44.9,9374137
09374139,Neustadta.d.Waldnaab.St,45.5,45.4,45.2,9374139
09374140,NeustadtamKulm.St,46.2,45.9,46.2,9374140
09374144,Parkstein.M,43.2,42.9,42.8,9374144
09374146,Pirk,43.9,44.3,44.4,9374146
09374147,Pleystein.St,46.7,46.5,46.4,9374147
09374148,Trabitz,44.9,44.7,44.3,9374148
09374149,Pressath.St,46.1,46.1,45.5,9374149
09374150,Püchersreuth,43,43.2,43.4,9374150
09374154,Schirmitz,45.9,45.6,45.6,9374154
09374155,Schlammersdorf,44.8,44.2,43.8,9374155
09374156,Schwarzenbach,41.9,41.8,41.5,9374156
09374157,Speinshart,43.3,43,42.9,9374157
09374158,Störnstein,44.3,44.4,44,9374158
09374159,Tännesberg.M,45.5,44.9,45.1,9374159
09374160,Theisseil,44.5,44.2,43.8,9374160
09374162,Vohenstrauß.St,45.1,45,44.8,9374162
09374163,Vorbach,43.7,43.8,43.2,9374163
09374164,Waidhaus.M,46.5,46.7,46.4,9374164
09374165,Waldthurn.M,45.4,44.9,44.6,9374165
09374166,Weiherhammer,45.5,45.5,45.4,9374166
09374168,Windischeschenbach.St,46.1,46,45.9,9374168
09374170,Bechtsrieth,44.5,44.6,44.9,9374170
09375113,Alteglofsheim,45,44.6,44.3,9375113
09375114,Altenthann,44.5,44.3,44.1,9375114
09375115,Aufhausen,43.1,43.2,43.5,9375115
09375116,Bacha.d.Donau,45.1,45.3,45.3,9375116
09375117,Barbing,42.5,42.5,42.1,9375117
09375118,Beratzhausen.M,44.5,44.2,44.1,9375118
09375119,Bernhardswald,45.6,45.2,44.7,9375119
09375120,Brennberg,42.2,42.2,42.2,9375120
09375122,Brunn,41.8,41.5,41.3,9375122
09375127,Deuerling,45.8,45.4,45,9375127
09375130,Donaustauf.M,44,44,44,9375130
09375131,Duggendorf,44.9,44.6,44.5,9375131
09375143,Hagelstadt,46,45.7,45.2,9375143
09375148,Hemau.St,42.5,42.4,42.3,9375148
09375153,Holzheima.Forst,44.5,44.8,44.1,9375153
09375156,Kallmünz.M,47,46.6,46.6,9375156
09375161,Köfering,40.7,40.2,40,9375161
09375162,Laaber.M,45,44.9,44.8,9375162
09375165,Lappersdorf.M,45.1,44.8,44.8,9375165
09375170,Mintraching,43.5,43.3,43.5,9375170
09375171,Mötzing,45.1,45.3,43.2,9375171
09375174,Neutraubling.St,42.9,42.7,42.7,9375174
09375175,Nittendorf.M,44.6,44.6,44.4,9375175
09375179,Obertraubling,43.2,43.2,42.8,9375179
09375180,Pentling,44.6,44.3,44.2,9375180
09375181,Pettendorf,44,43.7,43.8,9375181
09375182,Pfakofen,43.1,43,42.6,9375182
09375183,Pfatter,43.2,43.3,43.4,9375183
09375184,Pielenhofen,40.6,40.3,40.4,9375184
09375190,Regenstauf.M,44.5,44.2,44,9375190
09375191,Riekofen,46.5,46.5,45.9,9375191
09375196,Schierling.M,43.5,43.6,43.3,9375196
09375199,Sinzing,43.7,43.5,43.2,9375199
09375201,Sünching,44.1,44.3,43.7,9375201
09375204,Tegernheim,43.5,43.2,43.1,9375204
09375205,Thalmassing,43,42.7,42.4,9375205
09375208,Wenzenbach,43.6,43.6,43.4,9375208
09375209,Wiesent,44.5,44,43.8,9375209
09375210,Wörtha.d.Donau.St,43.7,43.6,43.4,9375210
09375211,Wolfsegg,43.2,42.7,42.7,9375211
09375213,Zeitlarn,46,45.7,45.3,9375213
09376112,Altendorf,44.5,44.1,43.6,9376112
09376116,Bodenwöhr,44,43.7,43.7,9376116
09376117,Brucki.d.OPf..M,44.7,44.5,44.3,9376117
09376119,Burglengenfeld.St,43,43.3,43.3,9376119
09376122,Dieterskirchen,43.7,43.3,42.8,9376122
09376125,Fensterbach,44,43.7,43.6,9376125
09376131,Gleiritsch,44.5,44.6,44.4,9376131
09376133,Guteneck,43.4,43.9,43.8,9376133
09376141,Maxhütte-Haidhof.St,44.2,44,44.2,9376141
09376144,Nabburg.St,45.3,45.2,45.4,9376144
09376146,Neukirchen-Balbini.M,44.2,44.7,44.3,9376146
09376147,NeunburgvormWald.St,43.6,43.4,43.1,9376147
09376148,Niedermurach,43.3,43.4,43.4,9376148
09376149,Nittenau.St,44.1,44,43.7,9376149
09376150,Wernberg-Köblitz.M,45.8,46,45.6,9376150
09376151,Oberviechtach.St,45.4,45,44.7,9376151
09376153,Pfreimd.St,44.6,44.6,44.2,9376153
09376159,Schmidgaden,43.2,43.2,43,9376159
09376160,Schönsee.St,47.3,47,47,9376160
09376161,Schwandorf.GKSt,44.8,44.6,44.9,9376161
09376162,Schwarzachb.Nabburg,44.9,44.1,43.9,9376162
09376163,Schwarzenfeld.M,45.5,45.5,45.3,9376163
09376164,Schwarzhofen.M,45.7,45.4,45.3,9376164
09376167,Stadlern,49.1,49.3,48.6,9376167
09376168,SteinbergamSee,44.2,44.5,44.4,9376168
09376169,Stulln,43.6,43.1,42.8,9376169
09376170,Teublitz.St,45.7,45.8,45.9,9376170
09376171,Teunz,44.5,44.3,43.6,9376171
09376172,Thanstein,43.8,43.6,43.4,9376172
09376173,Trausnitz,46.3,46.3,46.7,9376173
09376175,Wackersdorf,44.3,44.3,44.1,9376175
09376176,Weiding,51.6,50.5,50.4,9376176
09376178,Winklarn.M,44.5,44.4,44.1,9376178
09377112,Bärnau.St,47.3,47.2,46.7,9377112
09377113,Brand,45.8,46.4,46.6,9377113
09377115,Ebnath,47.2,47,47,9377115
09377116,Erbendorf.St,45.5,45.6,45.6,9377116
09377117,Falkenberg.M,44.2,43.9,43.6,9377117
09377118,Friedenfels,47,47.3,46.8,9377118
09377119,Fuchsmühl.M,47.5,47.8,47.3,9377119
09377127,Immenreuth,43.9,43.5,43,9377127
09377128,Kastl,42.1,42,41.9,9377128
09377129,Kemnath.St,44.2,44.1,43.8,9377129
09377131,Konnersreuth.M,44.8,44.7,44.1,9377131
09377132,Krummennaab,45.6,45.1,45.1,9377132
09377133,Kulmain,44.2,43.9,43.6,9377133
09377137,Leonberg,42.8,42.8,42.9,9377137
09377139,Mähring.M,45.9,45.9,45.6,9377139
09377141,Mitterteich.St,46.9,46.7,46.7,9377141
09377142,BadNeualbenreuth.M,47,46.7,46.6,9377142
09377143,Neusorg,46.9,46.8,46.5,9377143
09377145,Pechbrunn,46.3,46.1,45.9,9377145
09377146,Plößberg.M,45.3,45.5,45.2,9377146
09377148,Pullenreuth,48.2,47.8,47.7,9377148
09377149,Reuthb.Erbendorf,44.6,44.5,44.2,9377149
09377154,Tirschenreuth.St,47,47,47,9377154
09377157,Waldershof.St,47.2,47.3,46.8,9377157
09377158,Waldsassen.St,46.2,46.2,46.4,9377158
09377159,Wiesau.M,47.5,47.5,47.3,9377159
09471111,Altendorf,42.6,42.7,42.3,9471111
09471115,Baunach.St,44.9,44.7,44.4,9471115
09471117,Bischberg,44.9,44.6,44.5,9471117
09471119,Breitengüßbach,44.7,44.8,44.4,9471119
09471120,Burgebrach.M,42.5,42.5,42.1,9471120
09471122,Burgwindheim.M,44.5,44.6,44.7,9471122
09471123,Buttenheim.M,43.1,42.6,42.6,9471123
09471128,Ebrach.M,44,43.7,43.9,9471128
09471131,Frensdorf,42.6,42.3,42,9471131
09471133,Gerach,44.3,43.8,43.5,9471133
09471137,Gundelsheim,45.8,45.8,46,9471137
09471140,Hallstadt.St,43.7,43.8,43.7,9471140
09471142,Heiligenstadti.OFr..M,45.9,45.9,45.6,9471142
09471145,Hirschaid.M,43.2,43,42.8,9471145
09471150,Kemmern,45.3,45,44.6,9471150
09471151,Königsfeld,44,43.7,43.5,9471151
09471152,Lauter,44.6,44,43.3,9471152
09471154,Lisberg,44.7,44.7,44.5,9471154
09471155,Litzendorf,45.9,45.6,45.4,9471155
09471159,Memmelsdorf,46,45.8,45.8,9471159
09471165,Oberhaid,43.4,43.7,43.8,9471165
09471169,Pettstadt,43.3,43.1,43.1,9471169
09471172,Pommersfelden,41.9,41.4,41.2,9471172
09471173,Priesendorf,42.7,42.5,42.4,9471173
09471174,Rattelsdorf.M,44,43.5,43.3,9471174
09471175,Reckendorf,44.5,44,43.9,9471175
09471185,Scheßlitz.St,44.6,44.3,44.1,9471185
09471186,Schönbrunni.Steigerwald,43.6,43.5,43.3,9471186
09471189,Stadelhofen,43.8,43.4,43.1,9471189
09471191,Stegaurach,44.4,44.3,44.1,9471191
09471195,Strullendorf,44.2,44.2,44,9471195
09471207,Viereth-Trunstadt,43.5,43.3,43.3,9471207
09471208,Walsdorf,42.9,42.9,42.6,9471208
09471209,Wattendorf,44.8,44.6,44.1,9471209
09471214,Zapfendorf.M,43.9,43.8,43.6,9471214
09471220,Schlüsselfeld.St,43.1,43,42.8,9471220
09472111,Ahorntal,43.1,42.8,42.7,9472111
09472115,Aufseß,46.2,45.9,45.4,9472115
09472116,BadBernecki.Fichtelgebirge.St,46.5,46.6,46.3,9472116
09472118,Betzenstein.St,45,45.2,44.9,9472118
09472119,Bindlach,45.4,45,45,9472119
09472121,Bischofsgrün,50.9,50.7,50.4,9472121
09472127,Creußen.St,45.6,45.5,45.5,9472127
09472131,Eckersdorf,47.1,47.2,47.1,9472131
09472133,Emtmannsberg,46.3,46.1,45.8,9472133
09472138,Fichtelberg,50.7,50.6,51,9472138
09472139,Gefrees.St,47.6,47.6,47.6,9472139
09472140,Gesees,46.1,45.6,45.5,9472140
09472141,Glashütten,47.1,47.4,47,9472141
09472143,Goldkronach.St,46.3,46.3,46.1,9472143
09472146,Haag,44.2,43.9,44.5,9472146
09472150,Heinersreuth,46.6,46.4,46.5,9472150
09472154,Hollfeld.St,45.9,45.6,45.6,9472154
09472155,Hummeltal,46.6,46.2,46.2,9472155
09472156,Kirchenpingarten,41.4,41.5,41.2,9472156
09472164,Mehlmeisel,48.1,48.1,48.5,9472164
09472166,Mistelbach,46.9,46.4,45.8,9472166
09472167,Mistelgau,44,43.8,43.7,9472167
09472175,Pegnitz.St,46.4,46.2,46.1,9472175
09472176,Plankenfels,45.8,45.7,45,9472176
09472177,Plech.M,44.2,43.9,44,9472177
09472179,Pottenstein.St,45.2,45.3,45,9472179
09472180,Prebitz,45.4,44.9,45,9472180
09472184,Schnabelwaid.M,44.7,44.3,44.1,9472184
09472188,Seybothenreuth,43.2,43.1,42.5,9472188
09472190,Speichersdorf,44.3,44.3,44.1,9472190
09472197,Waischenfeld.St,43.9,43.8,43.5,9472197
09472198,Warmensteinach,48.7,49.2,47.9,9472198
09472199,Weidenberg.M,46.5,46.4,46.2,9472199
09473112,Ahorn,47.5,47.1,46.5,9473112
09473120,Dörfles-Esbach,47.2,47.2,47.1,9473120
09473121,Ebersdorfb.Coburg,45.3,45.6,45.5,9473121
09473132,Großheirath,43.6,43.4,43.1,9473132
09473134,Gruba.Forst,46.4,46,45.8,9473134
09473138,Itzgrund,45.1,44.9,44.7,9473138
09473141,Lautertal,44.6,44.7,44.7,9473141
09473144,Meeder,46,46.1,45.9,9473144
09473151,Neustadtb.Coburg.GKSt,46.9,46.7,46.5,9473151
09473153,Niederfüllbach,47.3,47,46.7,9473153
09473158,BadRodach.St,47.1,46.9,46.9,9473158
09473159,Rödental.St,46.6,46.6,46.5,9473159
09473165,Seßlach.St,46,45.8,45.4,9473165
09473166,Sonnefeld,47.7,47.8,47.6,9473166
09473170,Untersiemau,45.2,45.4,45.3,9473170
09473174,Weidhausenb.Coburg,45.6,45.6,45.3,9473174
09473175,Weitramsdorf,45.3,45.1,44.8,9473175
09474119,Dormitz,43.6,43.2,42.8,9474119
09474121,Ebermannstadt.St,46.1,45.7,45.4,9474121
09474122,Effeltrich,46.2,45.9,45.4,9474122
09474123,Eggolsheim.M,43.7,43.6,43.3,9474123
09474124,Egloffstein.M,45.1,44.9,44.7,9474124
09474126,Forchheim.GKSt,44.4,44.4,44.2,9474126
09474129,Gößweinstein.M,44.9,44.6,44.5,9474129
09474132,Gräfenberg.St,45.4,45.3,44.9,9474132
09474133,Hallerndorf,42.9,42.7,42.3,9474133
09474134,Hausen,44.1,44.2,44.1,9474134
09474135,Heroldsbach,43.9,43.8,43.5,9474135
09474137,Hetzles,43.9,43.9,44,9474137
09474138,Hiltpoltstein.M,47,46.8,46.3,9474138
09474140,Igensdorf.M,43.8,43.5,43.2,9474140
09474143,Kirchehrenbach,45.6,45.8,45.7,9474143
09474144,Kleinsendelbach,45.6,45.6,45.6,9474144
09474145,Kunreuth,44.7,44.2,44.1,9474145
09474146,Langensendelbach,43.7,43.4,42.8,9474146
09474147,Leutenbach,44.3,43.4,43.4,9474147
09474154,Neunkirchena.Brand.M,45.8,45.6,45.3,9474154
09474156,Obertrubach,43.9,43.9,43.5,9474156
09474158,Pinzberg,43.8,43.7,43.9,9474158
09474160,Poxdorf,45.3,44.9,44.5,9474160
09474161,Pretzfeld.M,45.2,44.9,44.5,9474161
09474168,Unterleinleiter,46.9,46.6,46.2,9474168
09474171,Weilersbach,43.8,44.2,44.2,9474171
09474173,Weißenohe,44.2,43.8,43.9,9474173
09474175,Wiesenthau,46.1,45.9,45.6,9474175
09474176,Wiesenttal.M,47.5,47.7,47.3,9474176
09475112,BadSteben.M,52.5,52.6,52.5,9475112
09475113,Berg,48.2,47.7,48.1,9475113
09475120,Döhlau,46.4,46.3,46.1,9475120
09475123,Feilitzsch,48.1,47.7,47.5,9475123
09475127,Gattendorf,46.1,45.8,45.2,9475127
09475128,Geroldsgrün,51.2,50.9,50.5,9475128
09475136,Helmbrechts.St,48.5,48.6,48.5,9475136
09475137,Issigau,48,48.6,48.4,9475137
09475141,Köditz,46.1,46.1,45.8,9475141
09475142,Konradsreuth,46.5,46.8,46.7,9475142
09475145,Leupoldsgrün,46.9,46.8,46.9,9475145
09475146,Lichtenberg.St,49.5,48.9,48.4,9475146
09475154,Münchberg.St,46.3,46.5,46.4,9475154
09475156,Naila.St,48,47.8,47.7,9475156
09475158,Oberkotzau.M,46.4,46.3,46.1,9475158
09475161,Regnitzlosau,47,46.9,46.7,9475161
09475162,Rehau.St,46.7,46.6,46.4,9475162
09475165,Schauenstein.St,48.4,48.5,47.9,9475165
09475168,Schwarzenbacha.d.Saale.St,47.5,47.4,47,9475168
09475169,Schwarzenbacha.Wald.St,50.9,51,50.6,9475169
09475171,Selbitz.St,48.9,49.2,48.9,9475171
09475174,Sparneck.M,48.4,48.3,48.1,9475174
09475175,Stammbach.M,47.2,46.9,47.2,9475175
09475181,Töpen,47.1,47.2,46.4,9475181
09475182,Trogen,45.4,45.2,45,9475182
09475184,Weißdorf,48.1,47.8,47.3,9475184
09475189,ZellimFichtelgebirge.M,50.1,49.9,50.1,9475189
09476145,Kronach.St,47.7,47.5,47.4,9476145
09476146,Küps.M,46.5,46.1,45.8,9476146
09476152,Ludwigsstadt.St,48.8,48.2,48.2,9476152
09476154,Mitwitz.M,46.8,46.6,46.6,9476154
09476159,Nordhalben.M,50.2,50.4,50.1,9476159
09476164,Pressig.M,47.1,46.9,46.5,9476164
09476166,Reichenbach,50.7,50.2,49.9,9476166
09476171,Schneckenlohe,47.3,46.9,47,9476171
09476175,Steinbacha.Wald,46.7,46.5,46.4,9476175
09476177,Steinwiesen.M,46.9,46.5,46.4,9476177
09476178,Stockheim,47.2,47.3,46.8,9476178
09476179,Tettau.M,48.7,48.5,48.2,9476179
09476180,Teuschnitz.St,49,48.8,48.5,9476180
09476182,Tschirn,49.1,49.2,49.8,9476182
09476183,Marktrodach.M,47.5,47.3,47.1,9476183
09476184,Wallenfels.St,50.4,50.1,49.6,9476184
09476185,Weißenbrunn,47.6,47.7,47.5,9476185
09476189,Wilhelmsthal,47.4,47,47,9476189
09477117,Grafengehaig.M,50.8,50.4,50.1,9477117
09477118,Guttenberg,50,50.1,49.8,9477118
09477119,Harsdorf,46.4,46,46,9477119
09477121,Himmelkron,45.9,45.6,45.3,9477121
09477124,Kasendorf.M,44.8,44.8,44.5,9477124
09477127,Ködnitz,49.2,49,48.7,9477127
09477128,Kulmbach.GKSt,47.5,47.4,47.3,9477128
09477129,Kupferberg.St,46.1,46.4,46.7,9477129
09477135,Ludwigschorgast.M,46.7,46.6,46.5,9477135
09477136,Mainleus.M,45.9,45.9,45.9,9477136
09477138,Marktleugast.M,48.7,48.7,48.2,9477138
09477139,Marktschorgast.M,48,48.4,47.9,9477139
09477142,Neudrossenfeld,46.3,46.2,45.8,9477142
09477143,Neuenmarkt,46.7,46.8,46.5,9477143
09477148,Presseck.M,50.1,49,49,9477148
09477151,Rugendorf,47.5,47.4,46.7,9477151
09477156,Stadtsteinach.St,47.7,47.5,47,9477156
09477157,Thurnau.M,46.7,46.8,46.6,9477157
09477158,Trebgast,46.5,46.5,46.2,9477158
09477159,Untersteinach,47.4,47.1,46.9,9477159
09477163,Wirsberg.M,47,46.7,46.8,9477163
09477164,Wonsees.M,44.4,44.2,44.3,9477164
09478111,Altenkunstadt,45.4,45.8,45.7,9478111
09478116,Burgkunstadt.St,46.2,45.8,45.6,9478116
09478120,Ebensfeld.M,44.9,44.6,44.5,9478120
09478127,Hochstadta.Main,46,45.8,45.2,9478127
09478139,Lichtenfels.St,46,45.8,45.8,9478139
09478143,Marktgraitz.M,49.3,49.9,49,9478143
09478144,Marktzeuln.M,44.2,44.1,44.2,9478144
09478145,Michelaui.OFr.,46.5,46.5,46.1,9478145
09478155,Redwitza.d.Rodach,45.2,45.7,45.3,9478155
09478165,BadStaffelstein.St,47.4,47.3,47.2,9478165
09478176,Weismain.St,45.5,45.1,44.6,9478176
09479111,BadAlexandersbad,49.4,49.5,49.2,9479111
09479112,Arzberg.St,48.8,48.6,48.8,9479112
09479126,Höchstädti.Fichtelgebirge,47.6,47.6,47.4,9479126
09479127,Hohenberga.d.Eger.St,48.8,47.9,47.8,9479127
09479129,Kirchenlamitz.St,48.4,48.4,47.9,9479129
09479135,Marktleuthen.St,49.4,49.2,49.1,9479135
09479136,Marktredwitz.GKSt,47.2,47.3,47.3,9479136
09479138,Nagel,47.6,47.7,46.9,9479138
09479145,Röslau,47.6,47,46.8,9479145
09479147,Schirnding.M,51.3,51.7,50.2,9479147
09479150,Schönwald.St,48.9,48.9,49,9479150
09479152,Selb.GKSt,47.9,47.8,47.7,9479152
09479158,Thiersheim.M,49.7,50,49.5,9479158
09479159,Thierstein.M,46.3,46.1,46.1,9479159
09479161,Tröstau,47.3,47,46.9,9479161
09479166,Weißenstadt.St,47.9,48,48.2,9479166
09479169,Wunsiedel.St,46.5,46.1,46.1,9479169
09571111,Adelshofen,44.9,45.4,44.8,9571111
09571113,Arberg.M,43.5,43.3,42.9,9571113
09571114,Aurach,43.5,43.8,43.8,9571114
09571115,Bechhofen.M,44.7,44.6,44.6,9571115
09571122,Bruckberg,47,46.4,45.8,9571122
09571125,Bucha.Wald,42.1,41.9,42.2,9571125
09571127,Burgoberbach,43.1,43.1,43.1,9571127
09571128,Burk,45.9,46.7,46.4,9571128
09571130,Colmberg.M,45.2,45.6,45.2,9571130
09571132,Dentleina.Forst.M,45.7,45.2,45.2,9571132
09571134,Diebach,42.2,42.6,42.8,9571134
09571135,Dietenhofen.M,44,43.9,43.7,9571135
09571136,Dinkelsbühl.GKSt,44.9,45,45,9571136
09571137,Dombühl.M,42.3,42.3,42.6,9571137
09571139,Dürrwangen.M,43.4,43.5,43.1,9571139
09571141,Ehingen,44.6,44.2,44.3,9571141
09571145,Feuchtwangen.St,43.9,43.8,43.6,9571145
09571146,Flachslanden.M,45.1,44.8,44.8,9571146
09571152,Gebsattel,43.7,43.8,43.5,9571152
09571154,Gerolfingen,46,45.8,45.8,9571154
09571155,Geslau,44.7,45.1,45,9571155
09571165,Heilsbronn.St,43.5,43.4,43.2,9571165
09571166,Herrieden.St,42.8,42.7,42.4,9571166
09571169,Insingen,43.4,43.5,43.4,9571169
09571170,Langfurth,45.3,44.8,44.6,9571170
09571171,Lehrberg.M,44.1,43.9,44.2,9571171
09571174,Leutershausen.St,43.8,43.7,43.6,9571174
09571175,Lichtenau.M,45.9,45.6,45.6,9571175
09571177,Merkendorf.St,41.9,41.9,41.6,9571177
09571178,Mitteleschenbach,42.8,43,43.1,9571178
09571179,Mönchsroth,43.1,43.2,43.2,9571179
09571180,Neuendettelsau,43.4,43.3,43.3,9571180
09571181,Neusitz,43.9,43.5,43.3,9571181
09571183,Oberdachstetten,44.3,44.8,44.7,9571183
09571188,Ohrenbach,46.6,45.8,46,9571188
09571189,Ornbau.St,41.7,42.1,42.1,9571189
09571190,Petersaurach,44,43.9,43.6,9571190
09571192,Röckingen,45,44.5,44.6,9571192
09571193,RothenburgobderTauber.GKSt,46.5,46.3,46.4,9571193
09571194,Rügland,44.3,44.5,44.5,9571194
09571196,Sachsenb.Ansbach,43.8,44,44,9571196
09571198,Schillingsfürst.St,44.9,44.8,44.8,9571198
09571199,Schnelldorf,44.5,44.2,43.9,9571199
09571200,Schopfloch.M,44,43.9,43.9,9571200
09571205,Steinsfeld,45.3,45.8,45.8,9571205
09571208,Unterschwaningen,43.4,43.2,43.4,9571208
09571214,Wassertrüdingen.St,44.6,44.6,44.6,9571214
09571216,Weidenbach.M,42.1,41.5,41.4,9571216
09571217,Weihenzell,42.6,42.8,42.4,9571217
09571218,Weiltingen.M,44.4,44.1,43.8,9571218
09571222,Wettringen,44.2,43.7,43.2,9571222
09571223,Wieseth,44.5,44.3,44.1,9571223
09571224,Wilburgstetten,43.9,43.8,43.3,9571224
09571225,Windelsbach,43.6,43.6,43.1,9571225
09571226,Windsbach.St,42.8,42.9,43,9571226
09571227,Wittelshofen,44.9,45.1,45.2,9571227
09571228,Wörnitz,41.8,41.4,41.5,9571228
09571229,Wolframs-Eschenbach.St,42.7,43.1,42.9,9571229
09572111,Adelsdorf,41.2,41.5,41.9,9572111
09572114,Aurachtal,43.3,43.3,43,9572114
09572115,Baiersdorf.St,43.6,43.6,43.5,9572115
09572119,Bubenreuth,45.4,45.1,44.8,9572119
09572120,Buckenhof,46,45.5,45.4,9572120
09572121,Eckental.M,45.6,45.4,45.2,9572121
09572126,Gremsdorf,44.2,44.4,44.1,9572126
09572127,Großenseebach,43.9,43.6,43.1,9572127
09572130,Hemhofen,45.4,45.2,44.9,9572130
09572131,Heroldsberg.M,45.1,45,44.8,9572131
09572132,Herzogenaurach.St,44,44,44,9572132
09572133,Heßdorf,43.6,43.4,43.2,9572133
09572135,Höchstadta.d.Aisch.St,44.3,44.2,44.1,9572135
09572137,Kalchreuth,46.4,46.5,46.6,9572137
09572139,Lonnerstadt.M,44.1,44.4,44,9572139
09572141,Marloffstein,46.6,46.8,46.4,9572141
09572142,Möhrendorf,44.2,43.9,43.5,9572142
09572143,Mühlhausen.M,42.3,41.6,41.7,9572143
09572147,Oberreichenbach,40.7,40.8,40.9,9572147
09572149,Röttenbach,45.1,44.9,44.6,9572149
09572154,Spardorf,43.7,43.2,43.3,9572154
09572158,Uttenreuth,46.3,46.3,46.4,9572158
09572159,Vestenbergsgreuth.M,43.5,43.4,43,9572159
09572160,Wachenroth.M,41.8,41.6,41.2,9572160
09572164,Weisendorf.M,41.9,41.7,41.6,9572164
09573111,Ammerndorf.M,45.4,45,44.8,9573111
09573114,Cadolzburg.M,44.3,44,43.7,9573114
09573115,Großhabersdorf,44.7,45,45.2,9573115
09573120,Langenzenn.St,45.6,45.7,45.6,9573120
09573122,Oberasbach.St,46.8,46.7,46.7,9573122
09573123,Obermichelbach,44.7,44.3,43.9,9573123
09573124,Puschendorf,46.6,46.3,46,9573124
09573125,Roßtal.M,45.5,45.6,45.6,9573125
09573126,Seukendorf,46.5,46.1,45.6,9573126
09573127,Stein.St,47.3,47.6,47.7,9573127
09573129,Tuchenbach,45,45,45.3,9573129
09573130,Veitsbronn,44.4,44.4,44.7,9573130
09573133,Wilhermsdorf.M,43.1,43,42.9,9573133
09573134,Zirndorf.St,45.1,45.1,45,9573134
09574111,Alfeld,44.7,44.5,44.9,9574111
09574112,Altdorfb.Nürnberg.St,46.2,46,45.7,9574112
09574117,Burgthann,45.4,45.7,45.7,9574117
09574120,Engelthal,45.5,45.4,45.3,9574120
09574123,Feucht.M,44.5,44.4,44.4,9574123
09574128,Happurg,44.6,44.6,44.5,9574128
09574129,Hartenstein,45.8,45.4,45.6,9574129
09574131,Henfenfeld,45.3,45.1,44.5,9574131
09574132,Hersbruck.St,46.2,46.1,45.8,9574132
09574135,Kirchensittenbach,44.6,44.6,44.6,9574135
09574138,Laufa.d.Pegnitz.St,45.4,45.3,45,9574138
09574139,Leinburg,44.6,44.8,44.4,9574139
09574140,Neuhausa.d.Pegnitz.M,44.5,44.4,44.3,9574140
09574141,Neunkirchena.Sand,46.2,46.3,46,9574141
09574145,Offenhausen,44.5,44.2,44.3,9574145
09574146,Ottensoos,44.1,44,44.2,9574146
09574147,Pommelsbrunn,46.7,46.7,46.5,9574147
09574150,Reichenschwand,44.7,44.5,44.2,9574150
09574152,Röthenbacha.d.Pegnitz.St,45.5,45.6,45.5,9574152
09574154,Rückersdorf,44.6,44.7,44.7,9574154
09574155,Schnaittach.M,45.3,45,44.8,9574155
09574156,Schwaigb.Nürnberg,45.1,44.9,45.1,9574156
09574157,Schwarzenbruck,45.9,45.7,45.7,9574157
09574158,Simmelsdorf,44.7,44.8,44.7,9574158
09574160,Velden.St,44.5,44.2,44.2,9574160
09574161,Vorra,46.7,46.5,46.4,9574161
09574164,Winkelhaid,45.9,45.8,45.8,9574164
09575112,BadWindsheim.St,46.1,45.8,45.6,9575112
09575113,Baudenbach.M,44.4,44.2,43.6,9575113
09575115,Burgbernheim.St,43.2,43.1,43.3,9575115
09575116,Burghaslach.M,42.4,42.4,42.4,9575116
09575117,Dachsbach.M,44.7,44.3,44.4,9575117
09575118,Diespeck,44.2,44,44,9575118
09575119,Dietersheim,43.3,43.2,43,9575119
09575121,Emskirchen.M,44.5,44.2,44.1,9575121
09575122,Ergersheim,46.1,45.7,44.8,9575122
09575124,Gallmersgarten,47.2,47,47.2,9575124
09575125,Gerhardshofen,43,42.6,42.8,9575125
09575127,Gollhofen,43.1,43.1,42.8,9575127
09575128,Gutenstetten,45.1,44.7,44.5,9575128
09575129,Hagenbüchach,40.6,41.3,41.7,9575129
09575130,Hemmersheim,47.6,47.4,47.5,9575130
09575133,Illesheim,42.4,43,43.4,9575133
09575134,Ippesheim.M,45.9,46,45.9,9575134
09575135,Ipsheim.M,44,43.7,43.3,9575135
09575138,Langenfeld,44.6,44.8,44.7,9575138
09575143,Marktbergel.M,44.3,44,44.1,9575143
09575144,MarktBibart.M,45.2,45.1,44.9,9575144
09575145,MarktErlbach.M,44.6,44.5,44.1,9575145
09575146,MarktNordheim.M,44,44.2,44.5,9575146
09575147,MarktTaschendorf.M,44.8,45,44.8,9575147
09575150,Münchsteinach,46.3,46.5,46.3,9575150
09575152,Neuhofa.d.Zenn.M,44,43.9,43.9,9575152
09575153,Neustadta.d.Aisch.St,44.6,44.4,44.4,9575153
09575155,Oberickelsheim,45.4,45.7,45.6,9575155
09575156,Obernzenn.M,45.8,46,46.2,9575156
09575157,Oberscheinfeld.M,48.7,47.7,47.1,9575157
09575161,Scheinfeld.St,45.1,44.8,44.9,9575161
09575163,Simmershofen,44.6,44.7,45.1,9575163
09575165,Sugenheim.M,45,45,44.8,9575165
09575166,Trautskirchen,45,44.9,44.3,9575166
09575167,Uehlfeld.M,44.4,44.3,44.5,9575167
09575168,Uffenheim.St,44.6,44.6,44.4,9575168
09575179,Weigenheim,44.5,44.3,43.6,9575179
09575181,Wilhelmsdorf,43.8,43.5,43.1,9575181
09576111,Abenberg.St,45.2,44.9,44.5,9576111
09576113,Allersberg.M,43.7,43.6,43.3,9576113
09576117,Büchenbach,45,45.1,45,9576117
09576121,Georgensgmünd,44.8,44.7,44.6,9576121
09576122,Greding.St,43.6,43.4,43.2,9576122
09576126,Heideck.St,44.5,44.2,44,9576126
09576127,Hilpoltstein.St,43.2,42.9,42.7,9576127
09576128,Kammerstein,43.1,42.7,42.3,9576128
09576132,Schwanstetten.M,46.4,46.3,46.1,9576132
09576137,Rednitzhembach,45.4,45.5,45.3,9576137
09576141,Röttenbach,43,43,42.4,9576141
09576142,Rohr,43.5,43,42.8,9576142
09576143,Roth.St,44.8,44.7,44.4,9576143
09576147,Spalt.St,45.5,45.5,45.3,9576147
09576148,Thalmässing.M,44.6,44.6,44.5,9576148
09576151,Wendelstein.M,46.9,46.9,46.7,9576151
09577111,Absberg.M,45.8,45.7,45.8,9577111
09577113,Alesheim,44,44.1,44,9577113
09577114,Muhra.See,45,44.9,44.6,9577114
09577115,Bergen,42,42,41.8,9577115
09577120,Burgsalach,44.6,45.2,45.2,9577120
09577122,Dittenheim,43.3,43.5,43.4,9577122
09577125,Ellingen.St,44.7,44.8,44.9,9577125
09577127,Ettenstatt,43.6,43.7,43.5,9577127
09577133,Gnotzheim.M,44.8,44.6,44.9,9577133
09577136,Gunzenhausen.St,46,45.9,45.8,9577136
09577138,Haundorf,44.6,44.6,44.5,9577138
09577140,Heidenheim.M,45.8,45.7,45.4,9577140
09577141,Höttingen,46.8,46.7,45.9,9577141
09577148,Langenaltheim,44,44.7,44.4,9577148
09577149,MarktBerolzheim.M,45.6,45.5,45.3,9577149
09577150,Meinheim,43.5,43.1,42.9,9577150
09577151,Nennslingen.M,45.7,45.6,45.5,9577151
09577158,Pappenheim.St,44.7,44.5,44.7,9577158
09577159,Pfofeld,45.2,45.3,45,9577159
09577161,Pleinfeld.M,44.7,44.3,44.3,9577161
09577162,Polsingen,44.6,44.6,44.5,9577162
09577163,Raitenbuch,41.6,41.3,41.2,9577163
09577168,Solnhofen,45.4,45.1,44.8,9577168
09577172,Theilenhofen,44.9,44.4,44,9577172
09577173,Treuchtlingen.St,44.5,44.5,44.4,9577173
09577177,Weißenburgi.Bay..GKSt,45.2,45,44.9,9577177
09577179,Westheim,43.8,43.6,44.1,9577179
09671111,Alzenau.St,46.1,45.9,45.8,9671111
09671112,Bessenbach,45.7,45.4,45.1,9671112
09671113,Blankenbach,45.4,45.4,45.3,9671113
09671114,Karlsteina.Main,45.7,45.4,45.3,9671114
09671119,Geiselbach,45.7,46.5,45.9,9671119
09671120,Glattbach,46.4,46.5,46.4,9671120
09671121,Goldbach.M,45.1,45,44.9,9671121
09671122,Großostheim.M,45.1,44.9,44.5,9671122
09671124,Haibach,46.1,45.8,45.6,9671124
09671126,Heigenbrücken,44.8,44.7,44.8,9671126
09671127,Heimbuchenthal,45.8,46,45.6,9671127
09671128,Heinrichsthal,45.9,45.7,46.3,9671128
09671130,Hösbach.M,45.6,45.5,45.3,9671130
09671133,Johannesberg,45.9,45.8,45.5,9671133
09671134,Kahla.Main,46.4,46.3,46.4,9671134
09671135,Kleinkahl,45.3,44.9,44.4,9671135
09671136,Kleinostheim,45.2,45.1,44.9,9671136
09671138,Krombach,44.5,44.4,44.1,9671138
09671139,Laufach,44.6,44.6,44.4,9671139
09671140,Mainaschaff,45.1,45.1,45,9671140
09671141,Mespelbrunn,45.5,45.4,45.1,9671141
09671143,Mömbris.M,46.2,46.2,46,9671143
09671148,Rothenbuch,45.5,45,44.5,9671148
09671150,Sailauf,44.7,44.5,44.4,9671150
09671152,Schöllkrippen.M,43.7,43.5,43.3,9671152
09671153,Sommerkahl,43.7,43.7,43.5,9671153
09671155,Stockstadta.Main.M,43.1,43,42.7,9671155
09671156,Waldaschaff,44.3,44.3,44.6,9671156
09671157,Weibersbrunn,45,44.5,44.2,9671157
09671159,Westerngrund,45.6,45.6,45.6,9671159
09671160,Dammbach,44.3,44.2,44.3,9671160
09671162,Wiesen,46,46,45.9,9671162
09672111,Auraa.d.Saale,44.5,44.6,44.7,9672111
09672112,BadBocklet.M,47.4,47.5,46.9,9672112
09672113,BadBrückenau.St,48.9,49,48.7,9672113
09672114,BadKissingen.GKSt,49.7,49.5,49.4,9672114
09672117,Burkardroth.M,45.2,45.1,45.1,9672117
09672121,Elfershausen.M,45.4,45,45.1,9672121
09672122,Euerdorf.M,46.5,46.6,45.9,9672122
09672124,Fuchsstadt,44,43.7,43.9,9672124
09672126,Geroda.M,49.8,50.3,49.9,9672126
09672127,Hammelburg.St,46.4,46.2,46.1,9672127
09672131,Maßbach.M,46.7,46.6,46.4,9672131
09672134,Motten,45.4,45.3,44.7,9672134
09672135,Münnerstadt.St,46.9,46.5,46.4,9672135
09672136,Nüdlingen,44.9,44.7,44.6,9672136
09672138,Oberleichtersbach,44.2,43.9,43.8,9672138
09672139,Oberthulba.M,44.4,44.1,43.9,9672139
09672140,Oerlenbach,45.3,45.2,45.1,9672140
09672142,Ramsthal,46.5,45.8,46,9672142
09672143,Rannungen,45.4,45.7,45.7,9672143
09672145,Riedenberg,45.2,44.8,44.5,9672145
09672149,Schondra.M,43.8,43.5,43.4,9672149
09672155,Sulzthal.M,47.8,47.9,47.6,9672155
09672157,Thundorfi.UFr.,45,45.1,44.7,9672157
09672161,Wartmannsroth,46.6,47,47.2,9672161
09672163,Wildflecken.M,45.1,45.1,44.6,9672163
09672166,Zeitlofs.M,48,47.9,47.5,9672166
09673113,Aubstadt,45.2,44.9,45.1,9673113
09673114,BadNeustadta.d.Saale.St,45.7,45.4,45.3,9673114
09673116,Bastheim,46.9,47.2,46.8,9673116
09673117,Bischofsheimi.d.Rhön.St,46,45.4,45.1,9673117
09673123,Fladungen.St,45,45,44.6,9673123
09673126,Großbardorf,44.6,44.7,44.5,9673126
09673127,Großeibstadt,47,46.6,46.5,9673127
09673129,Hausen,47.5,48,47.3,9673129
09673130,Hendungen,45.2,44.5,44.1,9673130
09673131,Herbstadt,44.6,45.4,44.5,9673131
09673133,Heustreu,44.4,43.8,44,9673133
09673134,Höchheim,46.6,46.1,46.1,9673134
09673135,Hohenroth,43.9,43.7,43.6,9673135
09673136,Hollstadt,45.6,45,44.4,9673136
09673141,BadKönigshofeni.Grabfeld.St,46.4,46.2,46,9673141
09673142,Mellrichstadt.St,46.7,46.3,46.2,9673142
09673146,Niederlauer,44.6,44.5,44.7,9673146
09673147,Nordheimv.d.Rhön,46.1,45.4,45.6,9673147
09673149,Oberelsbach.M,45.2,45,45,9673149
09673151,Oberstreu,46.3,46.3,46.3,9673151
09673153,Ostheimv.d.Rhön.St,47.7,47.6,47.5,9673153
09673156,Rödelmaier,43,42.6,42.6,9673156
09673160,Saala.d.Saale.M,45.4,45.7,45.6,9673160
09673161,Salz,44,43.8,43.2,9673161
09673162,Sandberg,46.8,46.8,46.3,9673162
09673163,Schönaua.d.Brend,47.1,46.9,46.9,9673163
09673167,Sondheimv.d.Rhön,45.3,45.4,45.1,9673167
09673170,Stockheim,46.4,46.2,45.9,9673170
09673171,Strahlungen,43.6,43.3,43.4,9673171
09673172,Sulzdorfa.d.Lederhecke,48.2,48,47.6,9673172
09673173,Sulzfeld,43.9,43.4,43.5,9673173
09673174,Trappstadt.M,45.7,45.3,45,9673174
09673175,Unsleben,43.8,44.3,43.7,9673175
09673182,Willmars,43.5,43.3,42.4,9673182
09673183,Wollbach,43.5,43.6,43.9,9673183
09673184,Wülfershausena.d.Saale,45.1,45.3,45.5,9673184
09673186,Burglauer,43,43.3,43.2,9673186
09674111,Aidhausen,45.7,45.6,45.2,9674111
09674118,Breitbrunn,44.9,44.7,44.4,9674118
09674120,Bundorf,47.4,47.3,46.5,9674120
09674121,Burgpreppach.M,45.5,45.5,45.4,9674121
09674129,Ebelsbach,44.8,44.6,44.4,9674129
09674130,Ebern.St,46.1,45.7,45.6,9674130
09674133,Eltmann.St,43.3,43.1,43,9674133
09674139,Gädheim,45.1,45.7,45.2,9674139
09674147,Haßfurt.St,44.6,44.5,44.2,9674147
09674149,Hofheimi.UFr..St,45.4,45.1,44.7,9674149
09674153,Riedbach,44.3,43.9,43.8,9674153
09674159,Oberaurach,45.1,44.9,44.5,9674159
09674160,Kirchlauter,46.1,46.3,46.1,9674160
09674163,Knetzgau,44.4,44.2,44,9674163
09674164,Königsbergi.Bay..St,46.2,46.2,45.4,9674164
09674171,Maroldsweisach.M,47,47,46.7,9674171
09674180,Theres,46.4,45.9,45.4,9674180
09674184,Pfarrweisach,44.2,44.3,43.8,9674184
09674187,Rauhenebrach,45.5,44.9,44.5,9674187
09674190,Rentweinsdorf.M,44.1,44,44.1,9674190
09674195,Sanda.Main,44.5,44,43.8,9674195
09674201,Stettfeld,43.6,43,42.9,9674201
09674210,Untermerzbach,46.8,46.4,46.5,9674210
09674219,Wonfurt,43.7,43.5,43.2,9674219
09674221,Zeila.Main.St,46,46.2,45.9,9674221
09674223,Ermershausen,44.7,44.8,44.6,9674223
09675111,Abtswind.M,45.1,45.2,44.8,9675111
09675112,Albertshofen,43.7,43.2,42.8,9675112
09675113,Biebelried,44,43.8,43.4,9675113
09675114,Buchbrunn,45.4,45.2,45.1,9675114
09675116,Castell,45.4,45.8,45.6,9675116
09675117,Dettelbach.St,45.2,45.1,44.9,9675117
09675127,Geiselwind.M,42.5,42.4,42.3,9675127
09675131,Großlangheim.M,43.5,43.2,42.9,9675131
09675139,Iphofen.St,44.5,44.6,44.6,9675139
09675141,Kitzingen.GKSt,43.8,43.9,43.8,9675141
09675142,Kleinlangheim.M,45,44.5,43.8,9675142
09675144,Mainbernheim.St,46.3,46.6,46.4,9675144
09675146,Mainstockheim,45.5,45.2,45.2,9675146
09675147,Marktbreit.St,45.3,45.6,45.4,9675147
09675148,MarktEinersheim.M,44.1,44,43.4,9675148
09675149,Marktsteft.St,42.7,42.4,42.3,9675149
09675150,Martinsheim,46.3,46.5,45.4,9675150
09675155,Nordheima.Main,43.5,43.5,43.8,9675155
09675156,Obernbreit.M,46.3,46.5,46.4,9675156
09675158,Prichsenstadt.St,44.7,44.6,44.3,9675158
09675161,Rödelsee,43.8,44,44.1,9675161
09675162,Rüdenhausen.M,45.7,45.3,44.5,9675162
09675165,Schwarzacha.Main.M,44.4,44.3,44,9675165
09675166,Segnitz,44.9,44.5,44.5,9675166
09675167,Seinsheim.M,44.9,44.6,44.4,9675167
09675169,Sommerach,43.7,44.3,44.1,9675169
09675170,Sulzfelda.Main,46.9,46.3,45.9,9675170
09675174,Volkach.St,46.3,46,46,9675174
09675177,Wiesenbronn,43.5,43.1,42.4,9675177
09675178,Wiesentheid.M,44.2,44.1,44,9675178
09675179,Willanzheim.M,43.8,44,43.6,9675179
09676111,Altenbuch,44.2,43.9,44,9676111
09676112,Amorbach.St,47,46.8,46.6,9676112
09676116,Bürgstadt.M,46.1,45.9,46.1,9676116
09676117,Collenberg,46.6,46.5,46.1,9676117
09676118,Dorfprozelten,46.6,46.2,46.1,9676118
09676119,Eichenbühl,46.2,46.1,46.3,9676119
09676121,Elsenfeld.M,44,43.9,43.7,9676121
09676122,Erlenbacha.Main.St,44.5,44.3,44.1,9676122
09676123,Eschau.M,45.2,45.2,45.2,9676123
09676124,Faulbach,46.1,46.1,46.2,9676124
09676125,Großheubach.M,46,45.7,45.6,9676125
09676126,Großwallstadt,44.5,44.3,44.2,9676126
09676128,Hausen,43.9,43.6,43.3,9676128
09676131,Kirchzell.M,47.3,47.1,46.8,9676131
09676132,Kleinheubach.M,43.7,43.7,43,9676132
09676133,Kleinwallstadt.M,45.5,45.2,44.8,9676133
09676134,Klingenberga.Main.St,45,45,45,9676134
09676135,Laudenbach,44,43.5,43.6,9676135
09676136,Leidersbach,44.3,44.1,43.9,9676136
09676139,Miltenberg.St,46.4,46.3,46,9676139
09676140,Mömlingen,44.7,44.3,44.3,9676140
09676141,Mönchberg.M,46,45.6,45.3,9676141
09676143,Neunkirchen,44.9,45.2,45,9676143
09676144,Niedernberg,44.4,44.1,43.7,9676144
09676145,Obernburga.Main.St,44.7,44.7,44.5,9676145
09676151,Röllbach,43.3,43.7,43.5,9676151
09676153,Rüdenau,48.7,48.4,48.8,9676153
09676156,Schneeberg.M,44.6,43.9,43.8,9676156
09676158,Stadtprozelten.St,45.1,45.2,45,9676158
09676160,Sulzbacha.Main.M,44.2,43.9,43.9,9676160
09676165,Weilbach.M,46.2,46.1,46.1,9676165
09676169,Wörtha.Main.St,45.4,45.4,44.6,9676169
09677114,Arnstein.St,45.3,45.3,45.1,9677114
09677116,Aurai.Sinngrund,46.2,46,45.6,9677116
09677119,Birkenfeld,43.8,44,43.7,9677119
09677120,Bischbrunn,45,44.3,44.4,9677120
09677122,Burgsinn.M,46.6,46.5,46.7,9677122
09677125,Erlenbachb.Marktheidenfeld,44.9,45.2,45.4,9677125
09677126,Esselbach,46.2,46.2,45.8,9677126
09677127,Eußenheim,46.2,46.4,46,9677127
09677128,Fellen,44.8,44.1,44.2,9677128
09677129,Frammersbach.M,46.8,46.8,46.4,9677129
09677131,Gemündena.Main.St,47.3,47.2,46.8,9677131
09677132,Gössenheim,47.7,47.5,47.4,9677132
09677133,Gräfendorf,47.1,46.7,46.1,9677133
09677135,Hafenlohr,47.3,47.6,47.2,9677135
09677137,Hasloch,45.2,45.1,45.1,9677137
09677142,Himmelstadt,46.9,46.6,46.5,9677142
09677146,Karbach.M,42.9,43,43.3,9677146
09677148,Karlstadt.St,45.7,45.4,45.1,9677148
09677149,Karsbach,46.3,46.1,45.5,9677149
09677151,Kreuzwertheim.M,46.8,46.9,46.5,9677151
09677154,Triefenstein.M,44.5,44.3,44.1,9677154
09677155,Lohra.Main.St,47.4,47,46.8,9677155
09677157,Marktheidenfeld.St,46.9,47.1,46.7,9677157
09677159,Mittelsinn,46.4,46.1,46.1,9677159
09677164,Neuendorf,48.4,48.1,47.6,9677164
09677165,Neuhütten,47.2,46.8,45.9,9677165
09677166,Neustadta.Main,49.9,49.8,48.8,9677166
09677169,Obersinn.M,48.1,48.4,48.5,9677169
09677170,Partenstein,46.5,46.6,46.1,9677170
09677172,Rechtenbach,46.6,46.3,45.9,9677172
09677175,Retzstadt,44,43.9,43.8,9677175
09677177,Rieneck.St,47.5,47.4,46.5,9677177
09677178,Roden,45,44.9,45.1,9677178
09677181,Rothenfels.St,46.9,46.1,45.7,9677181
09677182,Schollbrunn,46.7,46.3,46.2,9677182
09677186,Steinfeld,46.1,45.6,45.4,9677186
09677189,Thüngen.M,45,45.1,44.9,9677189
09677193,Urspringen,43.7,43.7,43.7,9677193
09677200,Wiesthal,47.7,47,47.1,9677200
09677203,Zellingen.M,46.3,46.3,46.2,9677203
09678115,Bergrheinfeld,44.3,44.2,43.9,9678115
09678122,Dingolshausen,43.3,43.7,43.5,9678122
09678123,Dittelbrunn,46.5,46.6,46.6,9678123
09678124,Donnersdorf,43.6,43.4,43.2,9678124
09678128,Euerbach,45.2,45.3,45.2,9678128
09678130,Frankenwinheim,43.2,43.1,42.6,9678130
09678132,Geldersheim,43.7,42.6,42.1,9678132
09678134,Gerolzhofen.St,46.3,46.1,45.7,9678134
09678135,Gochsheim,45.7,45.4,45.4,9678135
09678136,Grafenrheinfeld,45.7,45.5,45.6,9678136
09678138,Grettstadt,43.4,43.5,43.4,9678138
09678150,Kolitzheim,44.2,44.2,44.2,9678150
09678153,Lülsfeld,44.2,43.6,44.2,9678153
09678157,Michelaui.Steigerwald,46.1,46.1,45.6,9678157
09678160,Niederwerrn,44.1,44.5,45.2,9678160
09678164,Oberschwarzach.M,45.3,44.9,44.6,9678164
09678168,Poppenhausen,44.2,44.1,44,9678168
09678170,Röthlein,46.1,45.8,45.6,9678170
09678174,Schonungen,46.1,46,45.5,9678174
09678175,Schwanfeld,45.5,45.2,45.3,9678175
09678176,Schwebheim,46.5,46.3,46.5,9678176
09678178,Sennfeld,44.2,43.8,43.7,9678178
09678181,Stadtlauringen.M,45.9,46,46.1,9678181
09678183,Sulzheim,43.8,43.9,44.1,9678183
09678186,Üchtelhausen,46.1,46.3,46.1,9678186
09678190,Waigolshausen,45.7,45.4,45.2,9678190
09678192,Wasserlosen,44.6,44.4,44.1,9678192
09678193,Werneck.M,46,45.9,45.7,9678193
09678196,Wipfeld,45.1,45.1,44.9,9678196
09679114,Aub.St,46.9,46.3,45.8,9679114
09679117,Bergtheim,42.9,42.4,42.2,9679117
09679118,Bieberehren,45.7,45.1,44.5,9679118
09679122,Bütthard.M,45.8,45.7,46.2,9679122
09679124,Eibelstadt.St,46.7,46.6,46.2,9679124
09679126,Eisingen,44.4,44.3,43.9,9679126
09679128,Erlabrunn,43.5,43.5,43.5,9679128
09679130,Estenfeld,44.8,44.5,44.5,9679130
09679131,Frickenhausena.Main.M,46.6,46.5,46.3,9679131
09679134,Gaukönigshofen,44.3,44.2,44,9679134
09679135,Gelchsheim.M,44.4,44.5,44.4,9679135
09679136,Gerbrunn,42.9,42.8,43,9679136
09679137,Geroldshausen,43.5,43.1,43.4,9679137
09679138,Giebelstadt.M,43.5,43.1,42.9,9679138
09679141,Greußenheim,45,45,44.6,9679141
09679142,Güntersleben,43.7,43.1,42.6,9679142
09679143,Hausenb.Würzburg,43.2,43.1,42.7,9679143
09679144,Helmstadt.M,44.2,44,43.8,9679144
09679146,Hettstadt,45,45,44.8,9679146
09679147,Höchberg.M,46,46,46.3,9679147
09679149,Holzkirchen,47,47.1,46.7,9679149
09679153,Kirchheim,44.9,45.3,45.5,9679153
09679154,Kist,46.2,45.7,45.1,9679154
09679155,Kleinrinderfeld,45.1,44.9,44.8,9679155
09679156,Kürnach,43.3,42.8,42.3,9679156
09679161,Margetshöchheim,47.8,48,48.1,9679161
09679164,Neubrunn.M,44.8,44.9,45.1,9679164
09679165,Altertheim,44.3,44,43.9,9679165
09679167,Eisenheim.M,44.9,44.3,44,9679167
09679169,Oberpleichfeld,43.3,42.5,42.2,9679169
09679170,Ochsenfurt.St,45.4,45.3,45.2,9679170
09679174,Prosselsheim,43.3,43.1,43,9679174
09679175,Randersacker.M,45.9,46.3,46.2,9679175
09679176,Reichenberg.M,44.9,45.1,44.9,9679176
09679177,Remlingen.M,46.5,46.2,46.4,9679177
09679179,Riedenheim,46.7,46.6,46.5,9679179
09679180,Rimpar.M,44.9,44.9,44.8,9679180
09679182,Röttingen.St,46.9,47,47.6,9679182
09679185,Rottendorf,44.4,44.4,44.3,9679185
09679187,Sommerhausen.M,45.2,45,44.2,9679187
09679188,Sonderhofen,43.5,43.6,42.8,9679188
09679192,Tauberrettersheim,44,44.1,43.9,9679192
09679193,Theilheim,43.4,43.5,43.5,9679193
09679194,Thüngersheim,45.8,45.9,45.8,9679194
09679196,Uettingen,43.8,43.5,42.8,9679196
09679200,Leinach,44.8,44.4,44.3,9679200
09679201,Unterpleichfeld,42.6,42.6,42.6,9679201
09679202,Veitshöchheim,46.8,46.5,46.3,9679202
09679204,Waldbrunn,43.2,43.4,43.3,9679204
09679205,Waldbüttelbrunn,44.8,44.6,44.6,9679205
09679206,Winterhausen.M,46.9,47.3,46.7,9679206
09679209,Zella.Main.M,44.7,44.5,44.6,9679209
09771111,Adelzhausen,41,41.1,40.8,9771111
09771112,Affing,43,42.7,42.6,9771112
09771113,Aichach.St,43.8,43.7,43.5,9771113
09771114,Aindling.M,43.7,43.7,43.6,9771114
09771122,Dasing,42.9,42.7,42.6,9771122
09771129,Eurasburg,41.6,42.5,42.3,9771129
09771130,Friedberg.St,45.8,45.7,45.6,9771130
09771140,Hollenbach,42.7,42.7,42.8,9771140
09771141,Inchenhofen.M,40.9,40.8,40.6,9771141
09771142,Kissing,44,43.8,43.8,9771142
09771144,Kühbach.M,43.1,42.7,42.5,9771144
09771145,Merching,42.1,41.9,41.7,9771145
09771146,Mering.M,43.3,43.1,43.2,9771146
09771149,Obergriesbach,44.7,44.7,44.6,9771149
09771155,Petersdorf,45.1,44.9,44.5,9771155
09771156,Pöttmes.M,42.6,42.4,42.3,9771156
09771158,Rehling,42.6,42.2,41.8,9771158
09771160,Ried,42.5,42.2,42,9771160
09771162,Schiltberg,42.3,42.7,42.6,9771162
09771163,Schmiechen,41.5,40.6,40.3,9771163
09771165,Sielenbach,39.6,39.7,39.4,9771165
09771168,Steindorf,44.7,44.6,44.8,9771168
09771169,Todtenweis,43.6,43.2,43.4,9771169
09771176,Baar(Schwaben),42.5,42.8,42.7,9771176
09772111,Adelsried,43.9,43.9,43.9,9772111
09772114,Allmannshofen,42,42.6,42.7,9772114
09772115,Altenmünster,43.1,43.1,43.2,9772115
09772117,Aystetten,46,46.4,46,9772117
09772121,Biberbach.M,43.7,43.6,43.5,9772121
09772125,Bobingen.St,44.2,44.2,44.1,9772125
09772126,Bonstetten,42.4,43,43.8,9772126
09772130,Diedorf.M,45.1,45.2,45.1,9772130
09772131,Dinkelscherben.M,44.5,44.4,44.4,9772131
09772134,Ehingen,40.5,40.5,41.6,9772134
09772136,Ellgau,40.5,40.2,40.1,9772136
09772137,Emersacker,42.4,42.6,42.7,9772137
09772141,Fischach.M,43,43.1,43.1,9772141
09772145,Gablingen,44.4,44,44,9772145
09772147,Gersthofen.St,43.4,43.3,43.1,9772147
09772148,Gessertshausen,44.8,45,44.8,9772148
09772149,Graben,41.3,40.9,40.7,9772149
09772151,Großaitingen,44.1,44,43.8,9772151
09772156,Heretsried,45.1,44.7,44.8,9772156
09772157,Hiltenfingen,41.5,41.8,42.9,9772157
09772159,Horgau,43.7,43.4,43.4,9772159
09772160,Kleinaitingen,42.5,42.2,41.5,9772160
09772162,Klosterlechfeld,43.7,43.4,43.3,9772162
09772163,Königsbrunn.St,45,44.8,44.5,9772163
09772166,Kühlenthal,43.6,43.4,43.4,9772166
09772167,Kutzenhausen,43.6,43.2,43.3,9772167
09772168,Langenneufnach,42.9,42.7,42.3,9772168
09772170,Langerringen,42.3,42.3,42.4,9772170
09772171,Langweida.Lech,42.6,42.7,42.6,9772171
09772177,Meitingen.M,43.7,43.8,43.8,9772177
09772178,Mickhausen,42.7,42.2,42.1,9772178
09772179,Mittelneufnach,44.2,44,43.4,9772179
09772184,Neusäß.St,46.1,46.1,46.1,9772184
09772185,Nordendorf,43,43,43,9772185
09772186,Oberottmarshausen,42.7,42,42.4,9772186
09772197,Scherstetten,43.9,44.3,43.7,9772197
09772200,Schwabmünchen.St,43.9,43.8,43.9,9772200
09772202,Stadtbergen.St,45.1,45.2,45,9772202
09772207,Thierhaupten.M,42.1,42,42,9772207
09772209,Untermeitingen,43.1,43.3,43,9772209
09772211,Ustersbach,41.6,41.5,40.8,9772211
09772214,Walkertshofen,42.8,43,43.3,9772214
09772215,Wehringen,44,43.7,43.4,9772215
09772216,Welden.M,44.6,44.3,44.3,9772216
09772217,Westendorf,40.9,41.4,41.1,9772217
09772223,Zusmarshausen.M,43.8,43.6,43.6,9772223
09773111,Aislingen.M,44.6,44.5,44.2,9773111
09773112,Bachhagel,44.8,45,44.8,9773112
09773113,Bächingena.d.Brenz,44.6,44.2,44.5,9773113
09773116,Binswangen,44.6,44.8,44.3,9773116
09773117,Bissingen.M,43.8,43.9,43.8,9773117
09773119,Blindheim,44.4,44.5,44.6,9773119
09773122,Buttenwiesen,42.5,42.3,42.1,9773122
09773125,Dillingena.d.Donau.GKSt,44,43.9,43.9,9773125
09773133,Glött,45.3,45.4,45.3,9773133
09773136,Gundelfingena.d.Donau.St,44.1,44.1,43.9,9773136
09773137,Haunsheim,44.5,44.5,44.4,9773137
09773139,Höchstädta.d.Donau.St,43.3,43.6,43.4,9773139
09773140,Holzheim,44.1,44,43.8,9773140
09773143,Laugna,43.9,43.7,43.5,9773143
09773144,Lauingen(Donau).St,44.5,44.4,44.2,9773144
09773146,Lutzingen,45.4,45,44.6,9773146
09773147,Mödingen,43.6,43.8,44.2,9773147
09773150,Finningen,42.7,42.8,42.6,9773150
09773153,Medlingen,44,44.1,43.6,9773153
09773164,Schwenningen,44.9,44.4,44.3,9773164
09773170,Syrgenstein,45.1,45.1,45.2,9773170
09773179,Villenbach,42.8,42.1,42.2,9773179
09773182,Wertingen.St,43.7,43.6,43.6,9773182
09773183,Wittislingen.M,45.2,45.2,44.8,9773183
09773186,Ziertheim,45.7,45.6,45.7,9773186
09773187,Zöschingen,46.1,46.4,45.5,9773187
09773188,Zusamaltheim,43.3,43.3,42.7,9773188
09774111,Aletshausen,42.8,42.7,42.7,9774111
09774115,Balzhausen,42.2,42.1,41.9,9774115
09774116,Ursberg,46.8,46.5,46.3,9774116
09774117,Breitenthal,44.6,44.3,44.2,9774117
09774118,Bubesheim,42.5,42.5,42.5,9774118
09774119,Bibertal,43.3,43.3,43.2,9774119
09774121,Burgau.St,43.7,43.4,43.5,9774121
09774122,Burtenbach.M,44.5,44.1,43.9,9774122
09774124,Deisenhausen,44.8,44.4,44,9774124
09774127,Dürrlauingen,42.5,42.9,42.8,9774127
09774129,Ebershausen,43.6,43.3,42.6,9774129
09774133,Ellzee,43,43.6,43.4,9774133
09774135,Günzburg.GKSt,44.3,44.2,44.1,9774135
09774136,Gundremmingen,43.1,43.3,43.5,9774136
09774140,Haldenwang,41.8,42.1,41.7,9774140
09774143,Ichenhausen.St,42.9,42.6,42.6,9774143
09774144,Jettingen-Scheppach.M,43.3,43.2,43.1,9774144
09774145,Kammeltal,43.8,43.6,43.7,9774145
09774148,Kötz,44.3,44.3,44.3,9774148
09774150,Krumbach(Schwaben).St,43.8,43.9,44,9774150
09774151,Landensberg,44.1,43.2,42.8,9774151
09774155,Leipheim.St,41.8,41.5,41.4,9774155
09774160,Münsterhausen.M,42.7,42.8,42.6,9774160
09774162,Neuburga.d.Kammel.M,44.2,44.1,44,9774162
09774166,Aichen,43.9,44,43.9,9774166
09774171,Offingen.M,44,43.7,43.8,9774171
09774174,Rettenbach,43.9,44.1,43.8,9774174
09774178,Röfingen,44.7,44.5,44.6,9774178
09774185,Thannhausen.St,44,44,43.9,9774185
09774189,Wiesenbach,43.5,43.3,43.1,9774189
09774191,Waldstetten.M,43.5,43.4,42.8,9774191
09774192,Waltenhausen,41.7,41.4,41.3,9774192
09774196,Winterbach,42.2,42.3,42,9774196
09774198,Ziemetshausen.M,42,41.9,42,9774198
09775111,Altenstadt.M,44.4,44.1,43.2,9775111
09775115,Bellenberg,45.7,45.4,45.3,9775115
09775118,Buch.M,43.2,43,42.7,9775118
09775126,Holzheim,43.8,43.7,43.7,9775126
09775129,Illertissen.St,44.1,44,43.9,9775129
09775132,Kellmünza.d.Iller.M,43.3,43.6,43.6,9775132
09775134,Nersingen,44,43.7,43.6,9775134
09775135,Neu-Ulm.GKSt,42.4,42.3,42.4,9775135
09775139,Elchingen,45.4,45.1,45.2,9775139
09775141,Oberroth,40.6,40.8,40.3,9775141
09775142,Osterberg,42.6,43.1,42.4,9775142
09775143,Pfaffenhofena.d.Roth.M,44,44.1,43.8,9775143
09775149,Roggenburg,42.6,42.4,42.5,9775149
09775152,Senden.St,44.7,44.7,44.7,9775152
09775161,Unterroth,41.8,42.1,42.1,9775161
09775162,Vöhringen.St,44.2,44.3,44.3,9775162
09775164,Weißenhorn.St,44.2,44.3,44.2,9775164
09776111,Bodolz,47.1,46.6,46.4,9776111
09776112,Gestratz,43.9,43.6,43.2,9776112
09776113,Grünenbach,41.9,41.7,42.1,9776113
09776114,Heimenkirch.M,44.2,44,43.7,9776114
09776115,Hergensweiler,42.9,42.8,42.8,9776115
09776116,Lindau(Bodensee).GKSt,46.6,46.4,46.2,9776116
09776117,Lindenbergi.Allgäu.St,45.4,45.4,45,9776117
09776118,Maierhöfen,45.2,44.9,44.9,9776118
09776120,Nonnenhorn,47.8,47.7,47.7,9776120
09776121,Oberreute,46.2,45.9,45.7,9776121
09776122,Opfenbach,43,43.2,43.3,9776122
09776124,Röthenbach(Allgäu),42.4,42.4,42.7,9776124
09776125,Scheidegg.M,46.6,46.2,46.3,9776125
09776126,Sigmarszell,43.2,42.8,42.7,9776126
09776127,Stiefenhofen,42,41.8,41.9,9776127
09776128,Wasserburg(Bodensee),48.6,48.1,47.8,9776128
09776129,Weiler-Simmerberg.M,43.9,43.7,43.5,9776129
09776130,Weißensberg,45.1,45.1,45.1,9776130
09776131,Hergatz,43.6,43.8,43.6,9776131
09777111,Aitrang,44,43.6,43.6,9777111
09777112,Biessenhofen,44.9,44.9,44.8,9777112
09777114,Baisweil,43.3,43.6,43.3,9777114
09777118,Bidingen,41.9,42,41.8,9777118
09777121,Buchloe.St,43.2,43.2,42.9,9777121
09777124,Eggenthal,42.6,42.7,42.4,9777124
09777125,Eisenberg,42.6,42.9,42.7,9777125
09777128,Friesenried,43.3,43.6,43.8,9777128
09777129,Füssen.St,46.9,46.5,46.3,9777129
09777130,Germaringen,43.4,43,42.8,9777130
09777131,Görisried,42.9,42.6,42.2,9777131
09777135,Hopferau,42,41.7,41.5,9777135
09777138,Günzach,42.4,42.1,41.9,9777138
09777139,Irsee.M,44.2,44.1,44.2,9777139
09777140,Jengen,42.7,42.6,42.9,9777140
09777141,Kaltental.M,43.2,43.2,43.3,9777141
09777144,Kraftisried,40.4,41,41.3,9777144
09777145,Lamerdingen,41.4,41.6,41,9777145
09777147,LechbruckamSee,47.2,47.3,47.1,9777147
09777149,Lengenwang,41.6,41.9,41.8,9777149
09777151,Marktoberdorf.St,44.4,44.3,44.4,9777151
09777152,Mauerstetten,44.6,44.3,44.1,9777152
09777153,Nesselwang.M,44.8,44.5,44.8,9777153
09777154,Obergünzburg.M,44.5,44.6,44.4,9777154
09777155,Oberostendorf,43.3,43.1,43.2,9777155
09777157,Osterzell,44.3,44.4,44.2,9777157
09777158,Pforzen,41.7,41.9,41.4,9777158
09777159,Pfronten,46.1,45.8,45.4,9777159
09777163,RiedenamForggensee,44.2,43.9,43.7,9777163
09777164,Rieden,42.9,43,43.5,9777164
09777165,Ronsberg.M,44.8,44.5,44.5,9777165
09777166,Roßhaupten,44.9,44,44.1,9777166
09777167,Ruderatshofen,44.3,44,43.4,9777167
09777168,Rückholz,42.6,42.5,42.8,9777168
09777169,Schwangau,46.2,46.2,46.1,9777169
09777170,Seeg,42.3,42.2,42.1,9777170
09777171,Stöttena.Auerberg,42.8,43,43.1,9777171
09777172,Stöttwang,42.8,43.2,43.5,9777172
09777173,Halblech,46.4,46.1,46.1,9777173
09777175,Unterthingau.M,43.1,42.8,42.3,9777175
09777176,Untrasried,41.7,41.9,41.8,9777176
09777177,Waal.M,44.4,44.3,44.3,9777177
09777179,Wald,42,41.7,42,9777179
09777182,Westendorf,42.9,43,42.7,9777182
09777183,Rettenbacha.Auerberg,40.9,41.8,41.7,9777183
09778111,Amberg,43.1,42.6,42.2,9778111
09778113,Apfeltrach,42.5,42.5,42.1,9778113
09778115,Babenhausen.M,43.5,43.4,43,9778115
09778116,BadWörishofen.St,50,50,50.1,9778116
09778118,Benningen,44.2,44.5,44.2,9778118
09778119,Böhen,40.8,41.3,41.6,9778119
09778120,Boos,43.5,43.6,43.8,9778120
09778121,Breitenbrunn,43.1,43,42.9,9778121
09778123,Buxheim,46.3,45.7,45.6,9778123
09778127,Dirlewang.M,42.3,42.3,42,9778127
09778130,Egga.d.Günz,42.3,42.6,43.4,9778130
09778134,Eppishausen,43.7,43.5,43.6,9778134
09778136,Erkheim.M,43.1,42.9,42.9,9778136
09778137,Ettringen,42.6,42.2,42.2,9778137
09778139,Fellheim,45.8,45.7,45.3,9778139
09778144,BadGrönenbach.M,43.8,43.9,43.6,9778144
09778149,Hawangen,42.6,41.7,41.1,9778149
09778150,Heimertingen,42.5,42.4,42.8,9778150
09778151,Holzgünz,40.9,41.2,41.6,9778151
09778157,Kirchhaslach,41.5,41.3,41.8,9778157
09778158,Kirchheimi.Schw..M,43.4,43.5,43.3,9778158
09778161,Kronburg,44.6,44.3,43.9,9778161
09778162,Lachen,42.1,41.6,41.7,9778162
09778163,Lauben,44.2,43.9,43.7,9778163
09778164,Lautrach,45.1,45,45.4,9778164
09778165,Legau.M,42.9,42.9,43.2,9778165
09778168,MarktRettenbach.M,43.3,43.2,42.8,9778168
09778169,MarktWald.M,45.2,44.9,44.8,9778169
09778171,Memmingerberg,42,41.7,41.6,9778171
09778173,Mindelheim.St,43.5,43.4,43.4,9778173
09778177,Niederrieden,42.5,43,42.7,9778177
09778180,Kammlach,44.2,44.3,44.1,9778180
09778183,Oberrieden,42.9,42.6,42.1,9778183
09778184,Oberschönegg,41.5,41.5,41.3,9778184
09778186,Ottobeuren.M,45.9,45.7,45.5,9778186
09778187,Pfaffenhausen.M,43.6,43,43.2,9778187
09778188,Pleß,41.7,41.9,42.2,9778188
09778190,Salgen,42.6,42.4,41.7,9778190
09778196,Sontheim,42,42.1,41.9,9778196
09778199,Stetten,42.9,42.8,42.7,9778199
09778202,Trunkelsberg,46.3,45.9,45.6,9778202
09778203,Türkheim.M,44.8,44.7,44.7,9778203
09778204,Tussenhausen.M,42.7,42.6,42.7,9778204
09778205,Ungerhausen,42.5,42.5,42.2,9778205
09778207,Unteregg,43.8,43.5,43.5,9778207
09778209,Rammingen,42.8,42.9,42.7,9778209
09778214,Westerheim,41.6,41.4,41.4,9778214
09778216,Wiedergeltingen,43.2,42.8,43.1,9778216
09778217,Winterrieden,42.4,42.1,42.5,9778217
09778218,Wolfertschwenden,44.5,43.8,43.4,9778218
09778219,Woringen,40.6,40.5,40.5,9778219
09778221,Kettershausen,43.1,43.4,43,9778221
09779111,Alerheim,43.8,43.8,43.7,9779111
09779112,Amerdingen,44,44.8,44.3,9779112
09779115,Asbach-Bäumenheim,42.9,42.8,42.8,9779115
09779117,Auhausen,45.4,44.6,45.1,9779117
09779126,Buchdorf,42.3,42.3,42.4,9779126
09779129,Daiting,43.5,43.8,43.7,9779129
09779130,Deiningen,43,42.5,42.1,9779130
09779131,Donauwörth.GKSt,44.1,44,43.4,9779131
09779136,Ederheim,43.1,43,42.7,9779136
09779138,Ehingena.Ries,43.6,43.4,42.5,9779138
09779146,Forheim,46.4,45.6,45,9779146
09779147,Fremdingen,43.5,43.6,43.4,9779147
09779148,Fünfstetten,45.3,45.1,44.9,9779148
09779149,Genderkingen,44.1,44.1,43.7,9779149
09779154,Hainsfarth,45.4,45.5,45.1,9779154
09779155,Harburg(Schwaben).St,45.2,45.3,45.3,9779155
09779162,Hohenaltheim,46.9,46.6,46.4,9779162
09779163,Holzheim,43.5,43.5,42.7,9779163
09779167,Huisheim,43.5,43.8,43.5,9779167
09779169,Kaisheim.M,44,43.9,43.8,9779169
09779176,Maihingen,42.7,42.2,42.2,9779176
09779177,Marktoffingen,43.1,43,42.8,9779177
09779178,Marxheim,44.9,44.9,45.2,9779178
09779180,Megesheim,42.6,42.8,42.5,9779180
09779181,Mertingen,42.9,42.6,42.4,9779181
09779184,Mönchsdeggingen,46.2,45.5,46.2,9779184
09779185,Möttingen,42.8,42.8,42.9,9779185
09779186,Monheim.St,43.5,43.7,43.5,9779186
09779187,Münster,41.9,41.6,41.5,9779187
09779188,Munningen,44.5,44.1,43.7,9779188
09779192,Niederschönenfeld,40.4,39.7,39.9,9779192
09779194,Nördlingen.GKSt,44,44,43.9,9779194
09779196,Oberndorfa.Lech,42,42.1,42,9779196
09779197,Oettingeni.Bay..St,44.3,44.3,44.2,9779197
09779198,Otting,42.1,41.4,41,9779198
09779201,Rain.St,43.9,43.9,43.6,9779201
09779203,Reimlingen,44.9,44.5,44.7,9779203
09779206,Rögling,46.9,46.5,46,9779206
09779217,Tagmersheim,43.1,42.9,42.5,9779217
09779218,Tapfheim,45.2,45.5,45,9779218
09779224,Wallerstein.M,43.1,42.6,42.7,9779224
09779226,Wechingen,44.4,44,43.9,9779226
09779228,Wemding.St,44.9,44.7,44.3,9779228
09779231,Wolferstadt,41.9,41.5,41.2,9779231
09780112,Altusried.M,43.6,43.6,43.6,9780112
09780113,Balderschwang,44.2,43.9,44.6,9780113
09780114,Betzigau,42.9,43,43,9780114
09780115,Blaichach,45.7,45.3,45.1,9780115
09780116,Bolsterlang,42.8,43,43.3,9780116
09780117,Buchenberg.M,45.4,45,45,9780117
09780118,Burgbergi.Allgäu,44.9,44.4,44.2,9780118
09780119,Dietmannsried.M,44.2,44,43.9,9780119
09780120,Durach,45.3,45.1,45.1,9780120
09780121,Fischeni.Allgäu,45.8,45.5,45.6,9780121
09780122,Haldenwang,44.5,44.5,44.7,9780122
09780123,BadHindelang.M,45.9,45.8,45.6,9780123
09780124,Immenstadti.Allgäu.St,46,45.9,45.8,9780124
09780125,Lauben,45.2,45.6,45.2,9780125
09780127,Missen-Wilhams,44,44.2,43.8,9780127
09780128,Oy-Mittelberg,44.7,44.4,44.1,9780128
09780131,Obermaiselstein,44.9,44.6,45.1,9780131
09780132,Oberstaufen.M,47.9,47.6,47.3,9780132
09780133,Oberstdorf.M,49,48.6,48.3,9780133
09780134,Ofterschwang,44.6,44.5,44.3,9780134
09780137,Rettenberg,42,41.9,41.6,9780137
09780139,Sonthofen.St,47.7,47.4,47.5,9780139
09780140,Sulzberg.M,44.3,44.3,44.1,9780140
09780143,Waltenhofen,44,44,44.1,9780143
09780144,Weitnau.M,44,44.2,44.2,9780144
09780145,Wertach.M,43.3,43.3,43.4,9780145
09780146,Wiggensbach.M,43.9,43.4,43.2,9780146
09780147,Wildpoldsried,43,42.8,42.4,9780147
